claim_id,employee_id,receipt_id,submitted_at,status,claimed_amount,category,decided_at,duplicate_of,dup_type
C00001,E006,R00001,2025-01-17T14:00:00,UNDER_REVIEW,485.00,grocery,,,
C00002,E014,R00002,2025-02-08T12:00:00,APPROVED,1445.00,grocery,2025-02-11T12:00:00,,
C00003,E018,R00003,2025-01-13T17:00:00,UNDER_REVIEW,6264.00,stationery,,,
C00004,E012,R00004,2025-01-28T15:00:00,REJECTED,18554.00,printing,2025-02-03T15:00:00,,
C00005,E007,R00005,2025-05-02T15:00:00,SUBMITTED,2171.00,food,,,
C00006,E025,R00006,2025-02-28T18:00:00,APPROVED,368.00,grocery,2025-03-03T18:00:00,,
C00007,E014,R00007,2025-04-13T12:00:00,SUBMITTED,3236.00,grocery,,,
C00008,E009,R00008,2025-05-25T18:00:00,REJECTED,2930.00,grocery,2025-05-31T18:00:00,,
C00009,E014,R00009,2025-07-10T17:00:00,REJECTED,1426.00,food,2025-07-14T17:00:00,,
C00010,E007,R00010,2025-05-15T16:00:00,SUBMITTED,1203.00,stationery,,,
C00011,E020,R00011,2025-07-30T18:00:00,SUBMITTED,1867.00,stationery,,,
C00012,E024,R00012,2025-03-24T17:00:00,SUBMITTED,3081.00,grocery,,,
C00013,E024,R00013,2025-06-12T14:00:00,SUBMITTED,8577.00,travel,,,
C00014,E003,R00014,2025-06-24T12:00:00,APPROVED,1634.00,fuel,2025-06-26T12:00:00,,
C00015,E008,R00015,2025-06-11T11:00:00,SUBMITTED,15883.00,hardware,,,
C00016,E005,R00016,2025-02-01T13:00:00,APPROVED,1677.00,food,2025-02-02T13:00:00,,
C00017,E008,R00017,2025-04-22T13:00:00,APPROVED,3895.00,fuel,2025-04-26T13:00:00,,
C00018,E024,R00018,2025-03-09T17:00:00,REJECTED,2626.00,grocery,2025-03-17T17:00:00,,
C00019,E023,R00019,2025-03-11T10:00:00,APPROVED,9340.00,printing,2025-03-15T10:00:00,,
C00020,E007,R00020,2025-05-10T18:00:00,UNDER_REVIEW,31454.00,hotel,,,
C00021,E008,R00021,2025-07-11T14:00:00,REJECTED,2424.00,food,2025-07-12T14:00:00,,
C00022,E008,R00022,2025-05-25T17:00:00,APPROVED,29840.00,hotel,2025-05-27T17:00:00,,
C00023,E025,R00023,2025-09-11T18:00:00,REJECTED,1567.00,food,2025-09-17T18:00:00,,
C00024,E020,R00024,2025-07-25T09:00:00,APPROVED,4730.00,fuel,2025-07-27T09:00:00,,
C00025,E005,R00025,2025-07-02T18:00:00,SUBMITTED,1661.00,grocery,,,
C00026,E015,R00026,2025-07-09T16:00:00,APPROVED,2169.00,food,2025-07-12T16:00:00,,
C00027,E002,R00027,2025-07-28T14:00:00,UNDER_REVIEW,1134.00,grocery,,,
C00028,E020,R00028,2025-02-14T16:00:00,APPROVED,4601.00,fuel,2025-02-17T16:00:00,,
C00029,E023,R00029,2025-05-28T10:00:00,SUBMITTED,830.00,food,,,
C00030,E025,R00030,2025-06-21T15:00:00,APPROVED,1386.00,food,2025-06-27T15:00:00,,
C00031,E004,R00031,2025-06-27T17:00:00,APPROVED,7135.00,stationery,2025-06-29T17:00:00,,
C00032,E003,R00032,2025-05-28T14:00:00,REJECTED,19842.00,travel,2025-06-01T14:00:00,,
C00033,E002,R00033,2025-03-19T09:00:00,REJECTED,800.00,pharmacy,2025-03-21T09:00:00,,
C00034,E010,R00034,2025-04-22T10:00:00,APPROVED,775.00,fuel,2025-04-28T10:00:00,,
C00035,E023,R00035,2025-06-18T12:00:00,UNDER_REVIEW,834.00,grocery,,,
C00036,E019,R00036,2025-08-21T18:00:00,SUBMITTED,2781.00,pharmacy,,,
C00037,E001,R00037,2025-01-25T11:00:00,SUBMITTED,14320.00,printing,,,
C00038,E008,R00038,2025-06-14T10:00:00,REJECTED,1747.00,pharmacy,2025-06-19T10:00:00,,
C00039,E020,R00039,2025-02-14T10:00:00,SUBMITTED,9926.00,hardware,,,
C00040,E021,R00040,2025-08-27T09:00:00,APPROVED,1554.00,food,2025-09-02T09:00:00,,
C00041,E002,R00041,2025-02-27T12:00:00,UNDER_REVIEW,5196.00,travel,,,
C00042,E023,R00042,2025-08-01T16:00:00,SUBMITTED,1290.00,food,,,
C00043,E023,R00043,2025-05-04T14:00:00,SUBMITTED,2356.00,stationery,,,
C00044,E009,R00044,2025-08-10T09:00:00,SUBMITTED,1352.00,pharmacy,,,
C00045,E023,R00045,2025-02-03T18:00:00,REJECTED,12907.00,travel,2025-02-11T18:00:00,,
C00046,E023,R00046,2025-02-22T11:00:00,SUBMITTED,1736.00,food,,,
C00047,E005,R00047,2025-03-28T09:00:00,APPROVED,1348.00,food,2025-03-30T09:00:00,,
C00048,E015,R00048,2025-05-20T15:00:00,UNDER_REVIEW,3417.00,grocery,,,
C00049,E021,R00049,2025-07-17T09:00:00,UNDER_REVIEW,3507.00,stationery,,,
C00050,E017,R00050,2025-01-23T10:00:00,SUBMITTED,1729.00,pharmacy,,,
C00051,E015,R00051,2025-06-13T11:00:00,APPROVED,2059.00,grocery,2025-06-19T11:00:00,,
C00052,E019,R00052,2025-02-11T15:00:00,SUBMITTED,2125.00,fuel,,,
C00053,E002,R00053,2025-07-21T12:00:00,APPROVED,1306.00,grocery,2025-07-26T12:00:00,,
C00054,E021,R00054,2025-04-06T13:00:00,APPROVED,1570.00,food,2025-04-12T13:00:00,,
C00055,E008,R00055,2025-06-12T15:00:00,SUBMITTED,4063.00,food,,,
C00056,E012,R00056,2025-03-22T15:00:00,APPROVED,8008.00,hardware,2025-03-30T15:00:00,,
C00057,E017,R00057,2025-06-13T10:00:00,SUBMITTED,3518.00,grocery,,,
C00058,E004,R00058,2025-03-18T10:00:00,SUBMITTED,2502.00,stationery,,,
C00059,E010,R00059,2025-04-09T11:00:00,APPROVED,2724.00,printing,2025-04-17T11:00:00,,
C00060,E015,R00060,2025-08-31T10:00:00,APPROVED,22174.00,printing,2025-09-03T10:00:00,,
C00061,E012,R00061,2025-09-07T09:00:00,SUBMITTED,1753.00,food,,,
C00062,E021,R00062,2025-04-25T10:00:00,APPROVED,1348.00,grocery,2025-05-01T10:00:00,,
C00063,E006,R00063,2025-07-30T13:00:00,APPROVED,2160.00,grocery,2025-08-07T13:00:00,,
C00064,E022,R00064,2025-08-17T12:00:00,UNDER_REVIEW,931.00,grocery,,,
C00065,E015,R00065,2025-07-31T14:00:00,APPROVED,26211.00,hotel,2025-08-04T14:00:00,,
C00066,E005,R00066,2025-01-26T11:00:00,SUBMITTED,402.00,grocery,,,
C00067,E005,R00067,2025-04-05T11:00:00,SUBMITTED,2608.00,food,,,
C00068,E012,R00068,2025-02-19T10:00:00,UNDER_REVIEW,391.00,grocery,,,
C00069,E001,R00069,2025-06-24T11:00:00,REJECTED,1417.00,pharmacy,2025-06-27T11:00:00,,
C00070,E007,R00070,2025-06-07T12:00:00,SUBMITTED,2045.00,food,,,
C00071,E006,R00071,2025-05-22T16:00:00,SUBMITTED,2877.00,food,,,
C00072,E006,R00072,2025-04-04T12:00:00,APPROVED,17550.00,travel,2025-04-10T12:00:00,,
C00073,E021,R00073,2025-06-20T13:00:00,SUBMITTED,2272.00,fuel,,,
C00074,E022,R00074,2025-02-24T14:00:00,REJECTED,1942.00,fuel,2025-03-03T14:00:00,,
C00075,E014,R00075,2025-09-07T13:00:00,SUBMITTED,2487.00,food,,,
C00076,E021,R00076,2025-03-20T12:00:00,REJECTED,7499.00,fuel,2025-03-26T12:00:00,,
C00077,E023,R00077,2025-06-27T10:00:00,REJECTED,1072.00,stationery,2025-07-03T10:00:00,,
C00078,E015,R00078,2025-01-26T11:00:00,APPROVED,1187.00,fuel,2025-02-03T11:00:00,,
C00079,E015,R00079,2025-02-03T12:00:00,SUBMITTED,1707.00,fuel,,,
C00080,E009,R00080,2025-02-09T12:00:00,SUBMITTED,5321.00,stationery,,,
C00081,E002,R00081,2025-02-19T12:00:00,APPROVED,1149.00,stationery,2025-02-27T12:00:00,,
C00082,E009,R00082,2025-07-20T11:00:00,APPROVED,1755.00,food,2025-07-26T11:00:00,,
C00083,E001,R00083,2025-02-11T18:00:00,APPROVED,2477.00,pharmacy,2025-02-19T18:00:00,,
C00084,E025,R00084,2025-04-13T10:00:00,UNDER_REVIEW,2323.00,grocery,,,
C00085,E011,R00085,2025-03-21T16:00:00,SUBMITTED,946.00,fuel,,,
C00086,E024,R00086,2025-09-13T13:00:00,APPROVED,2518.00,food,2025-09-21T13:00:00,,
C00087,E022,R00087,2025-04-07T10:00:00,SUBMITTED,6522.00,fuel,,,
C00088,E004,R00088,2025-08-17T13:00:00,APPROVED,1918.00,pharmacy,2025-08-18T13:00:00,,
C00089,E004,R00089,2025-05-15T11:00:00,REJECTED,2597.00,stationery,2025-05-19T11:00:00,,
C00090,E024,R00090,2025-08-12T14:00:00,APPROVED,3356.00,food,2025-08-16T14:00:00,,
C00091,E004,R00091,2025-06-06T17:00:00,SUBMITTED,4543.00,grocery,,,
C00092,E012,R00092,2025-08-31T13:00:00,SUBMITTED,18015.00,printing,,,
C00093,E007,R00093,2025-01-14T09:00:00,SUBMITTED,27035.00,travel,,,
C00094,E010,R00094,2025-09-05T18:00:00,SUBMITTED,1614.00,food,,,
C00095,E017,R00095,2025-05-20T09:00:00,SUBMITTED,2996.00,pharmacy,,,
C00096,E009,R00096,2025-04-27T10:00:00,APPROVED,3717.00,food,2025-04-29T10:00:00,,
C00097,E024,R00097,2025-01-26T12:00:00,SUBMITTED,220.00,food,,,
C00098,E008,R00098,2025-05-20T11:00:00,APPROVED,581.00,stationery,2025-05-28T11:00:00,,
C00099,E017,R00099,2025-06-15T17:00:00,APPROVED,862.00,food,2025-06-21T17:00:00,,
C00100,E022,R00100,2025-01-23T10:00:00,APPROVED,1852.00,food,2025-01-31T10:00:00,,
C00101,E015,R00101,2025-06-27T16:00:00,SUBMITTED,21273.00,printing,,,
C00102,E007,R00102,2025-07-19T10:00:00,SUBMITTED,5151.00,fuel,,,
C00103,E025,R00103,2025-06-30T10:00:00,APPROVED,5397.00,fuel,2025-07-01T10:00:00,,
C00104,E010,R00104,2025-01-17T10:00:00,REJECTED,346.00,food,2025-01-22T10:00:00,,
C00105,E005,R00105,2025-06-26T17:00:00,REJECTED,2448.00,pharmacy,2025-07-02T17:00:00,,
C00106,E004,R00106,2025-08-28T18:00:00,APPROVED,1329.00,food,2025-09-05T18:00:00,,
C00107,E007,R00107,2025-05-08T18:00:00,SUBMITTED,163.00,grocery,,,
C00108,E006,R00108,2025-08-14T11:00:00,SUBMITTED,16606.00,printing,,,
C00109,E010,R00109,2025-04-21T14:00:00,APPROVED,1477.00,grocery,2025-04-23T14:00:00,,
C00110,E008,R00110,2025-04-11T18:00:00,UNDER_REVIEW,898.00,food,,,
C00111,E013,R00111,2025-08-01T09:00:00,SUBMITTED,351.00,food,,,
C00112,E016,R00112,2025-03-08T15:00:00,APPROVED,1562.00,pharmacy,2025-03-09T15:00:00,,
C00113,E006,R00113,2025-05-31T17:00:00,UNDER_REVIEW,4288.00,grocery,,,
C00114,E017,R00114,2025-07-12T09:00:00,APPROVED,13245.00,printing,2025-07-13T09:00:00,,
C00115,E012,R00115,2025-08-18T11:00:00,REJECTED,10477.00,hardware,2025-08-22T11:00:00,,
C00116,E007,R00116,2025-01-29T11:00:00,APPROVED,2045.00,grocery,2025-02-02T11:00:00,,
C00117,E019,R00117,2025-09-12T14:00:00,REJECTED,969.00,food,2025-09-16T14:00:00,,
C00118,E001,R00118,2025-06-11T12:00:00,UNDER_REVIEW,2883.00,grocery,,,
C00119,E016,R00119,2025-02-05T12:00:00,SUBMITTED,9964.00,hotel,,,
C00120,E020,R00120,2025-03-20T11:00:00,SUBMITTED,9802.00,hardware,,,
C00121,E013,R00121,2025-05-01T16:00:00,REJECTED,1825.00,food,2025-05-02T16:00:00,,
C00122,E016,R00122,2025-07-15T16:00:00,SUBMITTED,3968.00,stationery,,,
C00123,E011,R00123,2025-07-19T11:00:00,SUBMITTED,1068.00,pharmacy,,,
C00124,E025,R00124,2025-04-18T10:00:00,APPROVED,2344.00,hardware,2025-04-19T10:00:00,,
C00125,E023,R00125,2025-03-16T11:00:00,SUBMITTED,2329.00,food,,,
C00126,E018,R00126,2025-06-29T14:00:00,REJECTED,20055.00,printing,2025-07-02T14:00:00,,
C00127,E005,R00127,2025-08-19T14:00:00,REJECTED,2956.00,grocery,2025-08-23T14:00:00,,
C00128,E010,R00128,2025-05-15T11:00:00,SUBMITTED,7162.00,hardware,,,
C00129,E006,R00129,2025-04-01T17:00:00,UNDER_REVIEW,6444.00,printing,,,
C00130,E022,R00130,2025-06-06T09:00:00,APPROVED,9618.00,travel,2025-06-09T09:00:00,,
C00131,E006,R00131,2025-05-23T10:00:00,SUBMITTED,32866.00,hotel,,,
C00132,E023,R00132,2025-06-03T13:00:00,APPROVED,6391.00,hardware,2025-06-07T13:00:00,,
C00133,E013,R00133,2025-06-03T18:00:00,APPROVED,4558.00,printing,2025-06-07T18:00:00,,
C00134,E007,R00134,2025-06-12T12:00:00,APPROVED,18621.00,travel,2025-06-14T12:00:00,,
C00135,E011,R00135,2025-02-25T09:00:00,UNDER_REVIEW,2128.00,stationery,,,
C00136,E002,R00136,2025-03-20T10:00:00,APPROVED,2570.00,food,2025-03-28T10:00:00,,
C00137,E017,R00137,2025-05-03T15:00:00,SUBMITTED,4064.00,stationery,,,
C00138,E023,R00138,2025-05-23T14:00:00,APPROVED,1306.00,pharmacy,2025-05-24T14:00:00,,
C00139,E007,R00139,2025-06-29T11:00:00,SUBMITTED,26489.00,travel,,,
C00140,E017,R00140,2025-05-23T18:00:00,APPROVED,4022.00,stationery,2025-05-29T18:00:00,,
C00141,E019,R00141,2025-08-31T10:00:00,SUBMITTED,2079.00,pharmacy,,,
C00142,E015,R00142,2025-07-14T11:00:00,APPROVED,2310.00,pharmacy,2025-07-20T11:00:00,,
C00143,E005,R00143,2025-02-16T15:00:00,APPROVED,963.00,food,2025-02-17T15:00:00,,
C00144,E004,R00144,2025-04-21T14:00:00,SUBMITTED,12033.00,travel,,,
C00145,E024,R00145,2025-04-06T16:00:00,SUBMITTED,1146.00,grocery,,,
C00146,E021,R00146,2025-09-07T13:00:00,REJECTED,11115.00,travel,2025-09-14T13:00:00,,
C00147,E005,R00147,2025-02-22T16:00:00,APPROVED,17737.00,printing,2025-02-23T16:00:00,,
C00148,E009,R00148,2025-06-10T17:00:00,APPROVED,550.00,grocery,2025-06-12T17:00:00,,
C00149,E008,R00149,2025-05-01T15:00:00,SUBMITTED,5580.00,hardware,,,
C00150,E009,R00150,2025-01-11T17:00:00,SUBMITTED,3239.00,grocery,,,
C00151,E019,R00151,2025-02-17T10:00:00,SUBMITTED,4128.00,grocery,,,
C00152,E014,R00152,2025-05-15T09:00:00,SUBMITTED,465.00,grocery,,,
C00153,E023,R00153,2025-07-26T15:00:00,UNDER_REVIEW,2958.00,hardware,,,
C00154,E008,R00154,2025-05-12T09:00:00,APPROVED,2790.00,pharmacy,2025-05-15T09:00:00,,
C00155,E005,R00155,2025-03-19T13:00:00,REJECTED,2158.00,fuel,2025-03-20T13:00:00,,
C00156,E003,R00156,2025-09-04T12:00:00,SUBMITTED,1768.00,food,,,
C00157,E014,R00157,2025-05-29T13:00:00,REJECTED,1769.00,grocery,2025-05-31T13:00:00,,
C00158,E016,R00158,2025-08-11T17:00:00,SUBMITTED,5219.00,pharmacy,,,
C00159,E015,R00159,2025-03-03T16:00:00,APPROVED,18695.00,travel,2025-03-09T16:00:00,,
C00160,E014,R00160,2025-05-02T17:00:00,APPROVED,4453.00,fuel,2025-05-09T17:00:00,,
C00161,E003,R00161,2025-02-19T17:00:00,SUBMITTED,2607.00,pharmacy,,,
C00162,E025,R00162,2025-04-29T10:00:00,UNDER_REVIEW,1584.00,grocery,,,
C00163,E018,R00163,2025-03-28T10:00:00,SUBMITTED,2019.00,food,,,
C00164,E021,R00164,2025-07-31T11:00:00,SUBMITTED,448.00,stationery,,,
C00165,E002,R00165,2025-02-21T13:00:00,UNDER_REVIEW,3248.00,food,,,
C00166,E021,R00166,2025-02-21T12:00:00,APPROVED,5813.00,grocery,2025-02-28T12:00:00,,
C00167,E014,R00167,2025-07-19T17:00:00,REJECTED,5420.00,hardware,2025-07-26T17:00:00,,
C00168,E020,R00168,2025-08-08T12:00:00,REJECTED,2531.00,fuel,2025-08-11T12:00:00,,
C00169,E025,R00169,2025-05-01T12:00:00,APPROVED,1267.00,food,2025-05-04T12:00:00,,
C00170,E014,R00170,2025-07-23T11:00:00,SUBMITTED,659.00,food,,,
C00171,E001,R00171,2025-01-11T10:00:00,SUBMITTED,1121.00,food,,,
C00172,E013,R00172,2025-03-26T15:00:00,REJECTED,2906.00,fuel,2025-03-31T15:00:00,,
C00173,E013,R00173,2025-04-04T12:00:00,APPROVED,568.00,food,2025-04-07T12:00:00,,
C00174,E006,R00174,2025-05-13T10:00:00,UNDER_REVIEW,4642.00,stationery,,,
C00175,E004,R00175,2025-04-07T16:00:00,APPROVED,1321.00,grocery,2025-04-12T16:00:00,,
C00176,E002,R00176,2025-01-10T15:00:00,REJECTED,305.00,food,2025-01-14T15:00:00,,
C00177,E008,R00177,2025-06-11T18:00:00,APPROVED,721.00,grocery,2025-06-17T18:00:00,,
C00178,E025,R00178,2025-07-03T16:00:00,APPROVED,1928.00,food,2025-07-10T16:00:00,,
C00179,E006,R00179,2025-02-20T10:00:00,APPROVED,2516.00,pharmacy,2025-02-26T10:00:00,,
C00180,E004,R00180,2025-05-10T15:00:00,APPROVED,3716.00,fuel,2025-05-13T15:00:00,,
C00181,E025,R00181,2025-02-04T13:00:00,APPROVED,550.00,food,2025-02-07T13:00:00,,
C00182,E012,R00182,2025-08-20T15:00:00,APPROVED,1337.00,food,2025-08-27T15:00:00,,
C00183,E008,R00183,2025-07-05T15:00:00,APPROVED,1789.00,stationery,2025-07-06T15:00:00,,
C00184,E007,R00184,2025-02-28T09:00:00,APPROVED,8122.00,hotel,2025-03-04T09:00:00,,
C00185,E008,R00185,2025-04-15T12:00:00,UNDER_REVIEW,5576.00,pharmacy,,,
C00186,E004,R00186,2025-04-12T13:00:00,SUBMITTED,6568.00,fuel,,,
C00187,E022,R00187,2025-01-20T12:00:00,APPROVED,289.00,stationery,2025-01-27T12:00:00,,
C00188,E002,R00188,2025-06-12T12:00:00,REJECTED,1596.00,stationery,2025-06-14T12:00:00,,
C00189,E025,R00189,2025-07-02T15:00:00,APPROVED,2590.00,pharmacy,2025-07-09T15:00:00,,
C00190,E004,R00190,2025-02-26T09:00:00,SUBMITTED,2807.00,fuel,,,
C00191,E017,R00191,2025-04-07T17:00:00,SUBMITTED,937.00,grocery,,,
C00192,E011,R00192,2025-06-26T14:00:00,UNDER_REVIEW,993.00,food,,,
C00193,E017,R00193,2025-05-25T14:00:00,UNDER_REVIEW,1818.00,pharmacy,,,
C00194,E008,R00194,2025-08-01T17:00:00,SUBMITTED,1697.00,food,,,
C00195,E004,R00195,2025-03-24T09:00:00,APPROVED,17641.00,printing,2025-03-29T09:00:00,,
C00196,E006,R00196,2025-07-14T16:00:00,APPROVED,2358.00,food,2025-07-16T16:00:00,,
C00197,E015,R00197,2025-01-12T11:00:00,APPROVED,1393.00,pharmacy,2025-01-20T11:00:00,,
C00198,E012,R00198,2025-05-30T12:00:00,APPROVED,3573.00,food,2025-06-06T12:00:00,,
C00199,E011,R00199,2025-06-29T12:00:00,SUBMITTED,1878.00,food,,,
C00200,E022,R00200,2025-05-08T15:00:00,UNDER_REVIEW,976.00,food,,,
C00201,E002,R00201,2025-07-01T17:00:00,SUBMITTED,333.00,pharmacy,,,
C00202,E023,R00202,2025-06-11T15:00:00,SUBMITTED,3031.00,fuel,,,
C00203,E021,R00203,2025-02-08T12:00:00,APPROVED,2529.00,food,2025-02-10T12:00:00,,
C00204,E025,R00204,2025-08-06T11:00:00,UNDER_REVIEW,2047.00,food,,,
C00205,E001,R00205,2025-05-01T14:00:00,REJECTED,1558.00,food,2025-05-06T14:00:00,,
C00206,E004,R00206,2025-07-13T10:00:00,SUBMITTED,1818.00,stationery,,,
C00207,E015,R00207,2025-06-18T09:00:00,APPROVED,1664.00,food,2025-06-19T09:00:00,,
C00208,E010,R00208,2025-04-07T11:00:00,REJECTED,1457.00,grocery,2025-04-11T11:00:00,,
C00209,E001,R00209,2025-01-18T11:00:00,SUBMITTED,2273.00,food,,,
C00210,E005,R00210,2025-07-14T11:00:00,APPROVED,5695.00,fuel,2025-07-21T11:00:00,,
C00211,E014,R00211,2025-02-09T10:00:00,APPROVED,4111.00,stationery,2025-02-16T10:00:00,,
C00212,E012,R00212,2025-07-14T16:00:00,SUBMITTED,1653.00,food,,,
C00213,E005,R00213,2025-05-17T16:00:00,REJECTED,2513.00,stationery,2025-05-23T16:00:00,,
C00214,E020,R00214,2025-07-26T11:00:00,APPROVED,3903.00,hardware,2025-08-01T11:00:00,,
C00215,E009,R00215,2025-02-26T13:00:00,REJECTED,15659.00,printing,2025-03-04T13:00:00,,
C00216,E017,R00216,2025-07-29T12:00:00,APPROVED,1268.00,pharmacy,2025-07-30T12:00:00,,
C00217,E006,R00217,2025-09-13T13:00:00,SUBMITTED,2002.00,grocery,,,
C00218,E025,R00218,2025-01-18T11:00:00,APPROVED,1256.00,grocery,2025-01-23T11:00:00,,
C00219,E008,R00219,2025-07-15T12:00:00,APPROVED,1607.00,stationery,2025-07-16T12:00:00,,
C00220,E020,R00220,2025-09-12T17:00:00,REJECTED,1351.00,food,2025-09-18T17:00:00,,
C00221,E018,R00221,2025-04-25T17:00:00,UNDER_REVIEW,2732.00,pharmacy,,,
C00222,E024,R00222,2025-06-22T15:00:00,SUBMITTED,3146.00,stationery,,,
C00223,E012,R00223,2025-03-13T10:00:00,APPROVED,304.00,grocery,2025-03-16T10:00:00,,
C00224,E010,R00224,2025-06-24T09:00:00,APPROVED,3106.00,food,2025-06-28T09:00:00,,
C00225,E020,R00225,2025-07-12T18:00:00,APPROVED,2134.00,food,2025-07-13T18:00:00,,
C00226,E015,R00226,2025-02-22T11:00:00,SUBMITTED,2131.00,food,,,
C00227,E020,R00227,2025-02-21T15:00:00,APPROVED,1850.00,food,2025-02-23T15:00:00,,
C00228,E023,R00228,2025-06-04T13:00:00,SUBMITTED,3733.00,fuel,,,
C00229,E021,R00229,2025-02-25T18:00:00,REJECTED,7457.00,fuel,2025-02-28T18:00:00,,
C00230,E013,R00230,2025-02-04T14:00:00,SUBMITTED,1252.00,food,,,
C00231,E008,R00231,2025-07-03T15:00:00,SUBMITTED,860.00,food,,,
C00232,E010,R00232,2025-06-10T16:00:00,SUBMITTED,2487.00,food,,,
C00233,E007,R00233,2025-05-30T15:00:00,SUBMITTED,2396.00,pharmacy,,,
C00234,E025,R00234,2025-01-25T15:00:00,APPROVED,6826.00,stationery,2025-02-01T15:00:00,,
C00235,E018,R00235,2025-09-07T13:00:00,UNDER_REVIEW,9323.00,hardware,,,
C00236,E024,R00236,2025-08-02T18:00:00,UNDER_REVIEW,411.00,stationery,,,
C00237,E019,R00237,2025-01-27T09:00:00,APPROVED,17975.00,printing,2025-02-04T09:00:00,,
C00238,E016,R00238,2025-03-31T10:00:00,SUBMITTED,6170.00,fuel,,,
C00239,E007,R00239,2025-04-29T17:00:00,REJECTED,6303.00,stationery,2025-05-03T17:00:00,,
C00240,E003,R00240,2025-04-02T14:00:00,SUBMITTED,334.00,pharmacy,,,
C00241,E014,R00241,2025-07-05T09:00:00,APPROVED,5126.00,grocery,2025-07-11T09:00:00,,
C00242,E011,R00242,2025-04-01T11:00:00,REJECTED,3566.00,food,2025-04-06T11:00:00,,
C00243,E012,R00243,2025-06-05T18:00:00,SUBMITTED,495.00,stationery,,,
C00244,E018,R00244,2025-05-04T12:00:00,SUBMITTED,4864.00,fuel,,,
C00245,E008,R00245,2025-05-15T10:00:00,SUBMITTED,1824.00,pharmacy,,,
C00246,E020,R00246,2025-04-04T16:00:00,REJECTED,1327.00,food,2025-04-05T16:00:00,,
C00247,E005,R00247,2025-04-27T14:00:00,APPROVED,1894.00,grocery,2025-05-04T14:00:00,,
C00248,E006,R00248,2025-09-02T18:00:00,APPROVED,2760.00,food,2025-09-06T18:00:00,,
C00249,E019,R00249,2025-03-01T11:00:00,APPROVED,2207.00,grocery,2025-03-07T11:00:00,,
C00250,E009,R00250,2025-03-20T14:00:00,SUBMITTED,1160.00,grocery,,,
C00251,E024,R00251,2025-02-05T18:00:00,SUBMITTED,5696.00,travel,,,
C00252,E016,R00252,2025-01-24T15:00:00,SUBMITTED,1772.00,fuel,,,
C00253,E022,R00253,2025-04-24T11:00:00,REJECTED,3121.00,pharmacy,2025-05-02T11:00:00,,
C00254,E015,R00254,2025-07-22T16:00:00,UNDER_REVIEW,2472.00,food,,,
C00255,E009,R00255,2025-02-13T09:00:00,UNDER_REVIEW,842.00,food,,,
C00256,E014,R00256,2025-02-08T18:00:00,APPROVED,847.00,pharmacy,2025-02-16T18:00:00,,
C00257,E013,R00257,2025-03-19T17:00:00,REJECTED,3043.00,travel,2025-03-27T17:00:00,,
C00258,E011,R00258,2025-06-12T15:00:00,UNDER_REVIEW,1162.00,food,,,
C00259,E015,R00259,2025-02-24T10:00:00,APPROVED,532.00,fuel,2025-02-25T10:00:00,,
C00260,E014,R00260,2025-06-21T16:00:00,SUBMITTED,2558.00,food,,,
C00261,E024,R00261,2025-02-12T15:00:00,SUBMITTED,1194.00,pharmacy,,,
C00262,E018,R00262,2025-06-29T18:00:00,REJECTED,5803.00,hardware,2025-07-05T18:00:00,,
C00263,E018,R00263,2025-03-21T17:00:00,APPROVED,2407.00,food,2025-03-29T17:00:00,,
C00264,E012,R00264,2025-03-08T13:00:00,APPROVED,195.00,food,2025-03-11T13:00:00,,
C00265,E008,R00265,2025-07-17T16:00:00,APPROVED,3106.00,food,2025-07-22T16:00:00,,
C00266,E004,R00266,2025-06-09T09:00:00,UNDER_REVIEW,3794.00,fuel,,,
C00267,E009,R00267,2025-07-21T09:00:00,SUBMITTED,1702.00,food,,,
C00268,E002,R00268,2025-06-14T10:00:00,UNDER_REVIEW,19521.00,hotel,,,
C00269,E001,R00269,2025-04-19T09:00:00,SUBMITTED,3163.00,fuel,,,
C00270,E016,R00270,2025-08-15T16:00:00,SUBMITTED,14410.00,hotel,,,
C00271,E014,R00271,2025-02-07T12:00:00,SUBMITTED,1870.00,pharmacy,,,
C00272,E014,R00272,2025-03-07T13:00:00,SUBMITTED,202.00,food,,,
C00273,E022,R00273,2025-05-02T12:00:00,REJECTED,1612.00,food,2025-05-05T12:00:00,,
C00274,E023,R00274,2025-05-02T10:00:00,APPROVED,8254.00,travel,2025-05-08T10:00:00,,
C00275,E014,R00275,2025-01-26T16:00:00,REJECTED,2552.00,food,2025-01-31T16:00:00,,
C00276,E004,R00276,2025-02-26T17:00:00,APPROVED,3635.00,grocery,2025-03-04T17:00:00,,
C00277,E023,R00277,2025-08-25T12:00:00,APPROVED,621.00,food,2025-08-31T12:00:00,,
C00278,E011,R00278,2025-01-28T16:00:00,APPROVED,3520.00,food,2025-02-01T16:00:00,,
C00279,E020,R00279,2025-05-08T15:00:00,SUBMITTED,1697.00,pharmacy,,,
C00280,E019,R00280,2025-06-29T13:00:00,SUBMITTED,7644.00,hardware,,,
C00281,E017,R00281,2025-05-27T17:00:00,APPROVED,19776.00,travel,2025-06-04T17:00:00,,
C00282,E005,R00282,2025-02-01T14:00:00,SUBMITTED,3431.00,stationery,,,
C00283,E025,R00283,2025-01-24T11:00:00,SUBMITTED,384.00,grocery,,,
C00284,E010,R00284,2025-01-30T11:00:00,SUBMITTED,590.00,stationery,,,
C00285,E023,R00285,2025-06-22T14:00:00,UNDER_REVIEW,1300.00,stationery,,,
C00286,E012,R00286,2025-05-25T11:00:00,SUBMITTED,1531.00,food,,,
C00287,E002,R00287,2025-07-26T16:00:00,SUBMITTED,1513.00,grocery,,,
C00288,E009,R00288,2025-07-21T11:00:00,APPROVED,6942.00,hardware,2025-07-23T11:00:00,,
C00289,E007,R00289,2025-03-25T12:00:00,UNDER_REVIEW,1947.00,food,,,
C00290,E020,R00290,2025-07-07T11:00:00,UNDER_REVIEW,4908.00,stationery,,,
C00291,E019,R00291,2025-02-01T16:00:00,APPROVED,31447.00,travel,2025-02-09T16:00:00,,
C00292,E007,R00292,2025-08-04T11:00:00,SUBMITTED,35678.00,printing,,,
C00293,E010,R00293,2025-07-29T16:00:00,SUBMITTED,1318.00,pharmacy,,,
C00294,E015,R00294,2025-06-19T13:00:00,APPROVED,8108.00,stationery,2025-06-27T13:00:00,,
C00295,E018,R00295,2025-06-01T16:00:00,APPROVED,12786.00,travel,2025-06-08T16:00:00,,
C00296,E024,R00296,2025-03-12T14:00:00,SUBMITTED,1537.00,fuel,,,
C00297,E017,R00297,2025-05-17T17:00:00,APPROVED,8653.00,hardware,2025-05-18T17:00:00,,
C00298,E020,R00298,2025-05-17T11:00:00,REJECTED,2757.00,fuel,2025-05-18T11:00:00,,
C00299,E008,R00299,2025-04-26T09:00:00,REJECTED,1076.00,fuel,2025-05-01T09:00:00,,
C00300,E016,R00300,2025-08-10T11:00:00,REJECTED,3123.00,fuel,2025-08-14T11:00:00,,
C00301,E020,R00301,2025-02-04T17:00:00,APPROVED,602.00,pharmacy,2025-02-10T17:00:00,,
C00302,E009,R00302,2025-04-13T10:00:00,SUBMITTED,2898.00,food,,,
C00303,E018,R00303,2025-04-12T11:00:00,APPROVED,1624.00,pharmacy,2025-04-17T11:00:00,,
C00304,E003,R00304,2025-06-15T13:00:00,APPROVED,3376.00,stationery,2025-06-16T13:00:00,,
C00305,E002,R00305,2025-01-20T16:00:00,APPROVED,43023.00,hotel,2025-01-26T16:00:00,,
C00306,E016,R00306,2025-05-28T14:00:00,APPROVED,1735.00,food,2025-05-30T14:00:00,,
C00307,E021,R00307,2025-04-08T09:00:00,UNDER_REVIEW,4197.00,pharmacy,,,
C00308,E017,R00308,2025-03-10T17:00:00,SUBMITTED,1864.00,food,,,
C00309,E012,R00309,2025-02-13T11:00:00,UNDER_REVIEW,44775.00,hotel,,,
C00310,E010,R00310,2025-05-10T13:00:00,REJECTED,1709.00,food,2025-05-15T13:00:00,,
C00311,E002,R00311,2025-07-07T10:00:00,UNDER_REVIEW,1192.00,pharmacy,,,
C00312,E010,R00312,2025-04-09T15:00:00,SUBMITTED,1324.00,stationery,,,
C00313,E017,R00313,2025-04-05T09:00:00,SUBMITTED,536.00,fuel,,,
C00314,E021,R00314,2025-07-07T15:00:00,APPROVED,2389.00,stationery,2025-07-11T15:00:00,,
C00315,E007,R00315,2025-01-29T14:00:00,REJECTED,3195.00,food,2025-01-30T14:00:00,,
C00316,E009,R00316,2025-01-22T10:00:00,REJECTED,1944.00,food,2025-01-24T10:00:00,,
C00317,E016,R00317,2025-04-09T16:00:00,REJECTED,4509.00,grocery,2025-04-15T16:00:00,,
C00318,E014,R00318,2025-07-01T09:00:00,UNDER_REVIEW,1943.00,grocery,,,
C00319,E016,R00319,2025-03-08T18:00:00,SUBMITTED,4821.00,grocery,,,
C00320,E025,R00320,2025-05-19T14:00:00,APPROVED,856.00,food,2025-05-20T14:00:00,,
C00321,E017,R00321,2025-04-07T17:00:00,SUBMITTED,7865.00,hardware,,,
C00322,E018,R00322,2025-04-20T12:00:00,SUBMITTED,868.00,grocery,,,
C00323,E009,R00323,2025-06-27T12:00:00,REJECTED,1087.00,food,2025-06-28T12:00:00,,
C00324,E022,R00324,2025-01-16T13:00:00,SUBMITTED,3631.00,grocery,,,
C00325,E022,R00325,2025-05-05T09:00:00,REJECTED,2253.00,food,2025-05-07T09:00:00,,
C00326,E009,R00326,2025-04-23T11:00:00,APPROVED,2838.00,grocery,2025-04-24T11:00:00,,
C00327,E012,R00327,2025-01-18T10:00:00,SUBMITTED,10935.00,printing,,,
C00328,E022,R00328,2025-03-29T18:00:00,APPROVED,22988.00,printing,2025-04-02T18:00:00,,
C00329,E022,R00329,2025-04-16T13:00:00,UNDER_REVIEW,695.00,food,,,
C00330,E004,R00330,2025-08-03T15:00:00,SUBMITTED,3293.00,stationery,,,
C00331,E013,R00331,2025-08-21T13:00:00,UNDER_REVIEW,1507.00,food,,,
C00332,E018,R00332,2025-06-05T12:00:00,SUBMITTED,1329.00,grocery,,,
C00333,E010,R00333,2025-03-13T09:00:00,UNDER_REVIEW,3541.00,grocery,,,
C00334,E025,R00334,2025-05-15T12:00:00,REJECTED,2374.00,grocery,2025-05-21T12:00:00,,
C00335,E016,R00335,2025-05-21T14:00:00,APPROVED,2656.00,food,2025-05-25T14:00:00,,
C00336,E006,R00336,2025-04-11T09:00:00,APPROVED,5377.00,fuel,2025-04-15T09:00:00,,
C00337,E008,R00337,2025-08-23T18:00:00,APPROVED,4277.00,fuel,2025-08-27T18:00:00,,
C00338,E010,R00338,2025-04-22T17:00:00,REJECTED,3153.00,fuel,2025-04-23T17:00:00,,
C00339,E017,R00339,2025-02-23T15:00:00,APPROVED,14931.00,hotel,2025-03-03T15:00:00,,
C00340,E019,R00340,2025-06-07T15:00:00,APPROVED,7899.00,hardware,2025-06-09T15:00:00,,
C00341,E023,R00341,2025-07-23T17:00:00,SUBMITTED,3043.00,fuel,,,
C00342,E024,R00342,2025-04-06T15:00:00,REJECTED,1366.00,grocery,2025-04-07T15:00:00,,
C00343,E005,R00343,2025-07-04T18:00:00,SUBMITTED,754.00,fuel,,,
C00344,E005,R00344,2025-04-22T10:00:00,APPROVED,12293.00,hotel,2025-04-27T10:00:00,,
C00345,E011,R00345,2025-08-26T16:00:00,SUBMITTED,10725.00,hardware,,,
C00346,E023,R00346,2025-02-07T12:00:00,APPROVED,3037.00,fuel,2025-02-11T12:00:00,,
C00347,E023,R00347,2025-04-15T11:00:00,UNDER_REVIEW,378.00,grocery,,,
C00348,E015,R00348,2025-04-14T16:00:00,SUBMITTED,3952.00,stationery,,,
C00349,E025,R00349,2025-09-02T14:00:00,APPROVED,1052.00,food,2025-09-03T14:00:00,,
C00350,E014,R00350,2025-03-30T16:00:00,SUBMITTED,1042.00,food,,,
C00351,E020,R00351,2025-04-07T17:00:00,SUBMITTED,968.00,food,,,
C00352,E021,R00352,2025-04-20T14:00:00,APPROVED,2690.00,food,2025-04-26T14:00:00,,
C00353,E016,R00353,2025-02-24T18:00:00,SUBMITTED,1327.00,grocery,,,
C00354,E011,R00354,2025-02-18T09:00:00,REJECTED,701.00,food,2025-02-23T09:00:00,,
C00355,E001,R00355,2025-04-22T11:00:00,SUBMITTED,3439.00,grocery,,,
C00356,E019,R00356,2025-02-22T14:00:00,REJECTED,973.00,food,2025-02-27T14:00:00,,
C00357,E021,R00357,2025-07-16T12:00:00,APPROVED,250.00,pharmacy,2025-07-19T12:00:00,,
C00358,E006,R00358,2025-07-10T15:00:00,APPROVED,780.00,food,2025-07-14T15:00:00,,
C00359,E002,R00359,2025-06-28T10:00:00,SUBMITTED,3624.00,stationery,,,
C00360,E004,R00360,2025-05-11T13:00:00,UNDER_REVIEW,4639.00,hardware,,,
C00361,E019,R00361,2025-04-02T09:00:00,APPROVED,3544.00,grocery,2025-04-08T09:00:00,,
C00362,E001,R00362,2025-06-09T18:00:00,SUBMITTED,1329.00,stationery,,,
C00363,E024,R00363,2025-03-05T10:00:00,APPROVED,702.00,food,2025-03-12T10:00:00,,
C00364,E003,R00364,2025-06-10T13:00:00,APPROVED,5004.00,fuel,2025-06-14T13:00:00,,
C00365,E009,R00365,2025-04-17T14:00:00,APPROVED,832.00,fuel,2025-04-24T14:00:00,,
C00366,E023,R00366,2025-01-27T12:00:00,APPROVED,1638.00,food,2025-02-03T12:00:00,,
C00367,E025,R00367,2025-05-17T18:00:00,SUBMITTED,4189.00,grocery,,,
C00368,E023,R00368,2025-02-20T09:00:00,APPROVED,1287.00,food,2025-02-21T09:00:00,,
C00369,E016,R00369,2025-09-09T17:00:00,SUBMITTED,21009.00,hotel,,,
C00370,E001,R00370,2025-03-22T11:00:00,APPROVED,2686.00,pharmacy,2025-03-30T11:00:00,,
C00371,E016,R00371,2025-07-25T18:00:00,SUBMITTED,13883.00,hotel,,,
C00372,E021,R00372,2025-06-05T17:00:00,APPROVED,24133.00,hotel,2025-06-11T17:00:00,,
C00373,E014,R00373,2025-06-06T14:00:00,APPROVED,2382.00,food,2025-06-08T14:00:00,,
C00374,E006,R00374,2025-02-27T14:00:00,UNDER_REVIEW,1340.00,food,,,
C00375,E006,R00375,2025-08-23T09:00:00,SUBMITTED,11467.00,printing,,,
C00376,E017,R00376,2025-01-18T18:00:00,UNDER_REVIEW,525.00,food,,,
C00377,E007,R00377,2025-03-09T10:00:00,UNDER_REVIEW,25619.00,travel,,,
C00378,E017,R00378,2025-05-22T12:00:00,UNDER_REVIEW,3591.00,stationery,,,
C00379,E010,R00379,2025-03-21T14:00:00,REJECTED,22997.00,printing,2025-03-24T14:00:00,,
C00380,E014,R00380,2025-04-30T14:00:00,SUBMITTED,517.00,grocery,,,
C00381,E016,R00381,2025-05-06T10:00:00,REJECTED,4179.00,hardware,2025-05-12T10:00:00,,
C00382,E002,R00382,2025-06-23T09:00:00,REJECTED,5670.00,grocery,2025-07-01T09:00:00,,
C00383,E013,R00383,2025-03-31T18:00:00,UNDER_REVIEW,2816.00,pharmacy,,,
C00384,E012,R00384,2025-08-15T16:00:00,APPROVED,8312.00,printing,2025-08-16T16:00:00,,
C00385,E008,R00385,2025-05-07T15:00:00,APPROVED,4272.00,grocery,2025-05-11T15:00:00,,
C00386,E008,R00386,2025-05-26T11:00:00,APPROVED,2254.00,travel,2025-05-30T11:00:00,,
C00387,E009,R00387,2025-09-11T17:00:00,APPROVED,2279.00,food,2025-09-14T17:00:00,,
C00388,E012,R00388,2025-09-14T10:00:00,APPROVED,4395.00,grocery,2025-09-15T10:00:00,,
C00389,E001,R00389,2025-08-10T13:00:00,APPROVED,1958.00,food,2025-08-11T13:00:00,,
C00390,E017,R00390,2025-07-18T10:00:00,UNDER_REVIEW,23717.00,hotel,,,
C00391,E010,R00391,2025-04-02T15:00:00,APPROVED,1993.00,grocery,2025-04-07T15:00:00,,
C00392,E019,R00392,2025-02-24T13:00:00,UNDER_REVIEW,2568.00,food,,,
C00393,E020,R00393,2025-07-22T13:00:00,SUBMITTED,2614.00,food,,,
C00394,E020,R00394,2025-02-08T15:00:00,UNDER_REVIEW,4391.00,hardware,,,
C00395,E010,R00395,2025-08-02T13:00:00,UNDER_REVIEW,4010.00,stationery,,,
C00396,E019,R00396,2025-06-25T15:00:00,SUBMITTED,1364.00,food,,,
C00397,E002,R00397,2025-05-02T18:00:00,SUBMITTED,10262.00,travel,,,
C00398,E013,R00398,2025-07-31T12:00:00,REJECTED,1109.00,grocery,2025-08-07T12:00:00,,
C00399,E005,R00399,2025-02-22T10:00:00,SUBMITTED,3862.00,grocery,,,
C00400,E021,R00400,2025-02-15T17:00:00,APPROVED,19662.00,hotel,2025-02-16T17:00:00,,
C00401,E017,R00401,2025-02-16T17:00:00,APPROVED,7653.00,hardware,2025-02-19T17:00:00,,
C00402,E016,R00402,2025-07-24T16:00:00,SUBMITTED,4526.00,grocery,,,
C00403,E020,R00403,2025-08-04T11:00:00,UNDER_REVIEW,4416.00,stationery,,,
C00404,E021,R00404,2025-05-09T12:00:00,UNDER_REVIEW,12662.00,hardware,,,
C00405,E007,R00405,2025-05-04T15:00:00,APPROVED,13372.00,travel,2025-05-06T15:00:00,,
C00406,E006,R00406,2025-05-05T12:00:00,UNDER_REVIEW,3221.00,grocery,,,
C00407,E010,R00407,2025-03-18T14:00:00,APPROVED,3165.00,food,2025-03-19T14:00:00,,
C00408,E022,R00408,2025-05-30T14:00:00,APPROVED,3684.00,fuel,2025-06-06T14:00:00,,
C00409,E014,R00409,2025-01-26T17:00:00,APPROVED,14297.00,hotel,2025-01-29T17:00:00,,
C00410,E023,R00410,2025-06-24T14:00:00,APPROVED,2901.00,pharmacy,2025-07-02T14:00:00,,
C00411,E013,R00411,2025-01-29T09:00:00,APPROVED,1931.00,stationery,2025-02-02T09:00:00,,
C00412,E002,R00412,2025-06-10T11:00:00,REJECTED,2889.00,pharmacy,2025-06-17T11:00:00,,
C00413,E013,R00413,2025-03-08T13:00:00,APPROVED,3928.00,grocery,2025-03-13T13:00:00,,
C00414,E001,R00414,2025-07-30T11:00:00,APPROVED,18079.00,printing,2025-08-03T11:00:00,,
C00415,E006,R00415,2025-07-13T14:00:00,APPROVED,1610.00,food,2025-07-20T14:00:00,,
C00416,E012,R00416,2025-03-30T18:00:00,SUBMITTED,6539.00,fuel,,,
C00417,E007,R00417,2025-02-04T13:00:00,APPROVED,566.00,fuel,2025-02-09T13:00:00,,
C00418,E004,R00418,2025-07-21T13:00:00,APPROVED,2225.00,food,2025-07-23T13:00:00,,
C00419,E004,R00419,2025-08-13T17:00:00,APPROVED,2619.00,fuel,2025-08-20T17:00:00,,
C00420,E001,R00420,2025-07-02T10:00:00,APPROVED,2186.00,fuel,2025-07-03T10:00:00,,
C00421,E008,R00421,2025-04-23T13:00:00,SUBMITTED,2019.00,pharmacy,,,
C00422,E020,R00422,2025-08-03T16:00:00,SUBMITTED,1892.00,food,,,
C00423,E014,R00423,2025-04-14T18:00:00,SUBMITTED,4026.00,fuel,,,
C00424,E023,R00424,2025-09-04T10:00:00,UNDER_REVIEW,6676.00,fuel,,,
C00425,E016,R00425,2025-03-10T13:00:00,APPROVED,2523.00,food,2025-03-16T13:00:00,,
C00426,E008,R00231,2025-07-08T14:00:00,UNDER_REVIEW,860.00,food,,C00231,PHOTO_REUSE
C00427,E014,R60427,2025-02-01T13:00:00,UNDER_REVIEW,14297.00,hotel,,C00409,PHOTO_REUSE
C00428,E017,R60428,2025-03-09T14:00:00,SUBMITTED,202.00,food,,C00272,PHOTO_REUSE
C00429,E017,R00401,2025-02-20T17:00:00,APPROVED,7653.00,hardware,2025-02-22T17:00:00,C00401,PHOTO_REUSE
C00430,E019,R00036,2025-08-26T15:00:00,REJECTED,2781.00,pharmacy,2025-09-02T15:00:00,C00036,PHOTO_REUSE
C00431,E013,R00413,2025-03-12T13:00:00,APPROVED,3928.00,grocery,2025-03-17T13:00:00,C00413,PHOTO_REUSE
C00432,E011,R00258,2025-06-14T12:00:00,APPROVED,1162.00,food,2025-06-18T12:00:00,C00258,PHOTO_REUSE
C00433,E017,R00137,2025-05-11T15:00:00,APPROVED,4064.00,stationery,2025-05-14T15:00:00,C00137,PHOTO_REUSE
C00434,E014,R00152,2025-05-18T09:00:00,APPROVED,465.00,grocery,2025-05-24T09:00:00,C00152,PHOTO_REUSE
C00435,E004,R00106,2025-09-05T16:00:00,REJECTED,1329.00,food,2025-09-10T16:00:00,C00106,PHOTO_REUSE
C00436,E014,R00152,2025-05-22T14:00:00,SUBMITTED,465.00,grocery,,C00152,PHOTO_REUSE
C00437,E011,R00199,2025-07-06T12:00:00,SUBMITTED,1878.00,food,,C00199,PHOTO_REUSE
C00438,E020,R00246,2025-04-09T16:00:00,SUBMITTED,1327.00,food,,C00246,PHOTO_REUSE
C00439,E010,R00256,2025-02-09T18:00:00,UNDER_REVIEW,847.00,pharmacy,,C00256,PHOTO_REUSE
C00440,E001,R60440,2025-07-03T09:00:00,UNDER_REVIEW,2186.00,fuel,,C00420,PHOTO_REUSE
C00441,E019,R00249,2025-03-05T18:00:00,APPROVED,2207.00,grocery,2025-03-06T18:00:00,C00249,PHOTO_REUSE
C00442,E017,R60442,2025-01-23T11:00:00,SUBMITTED,1729.00,pharmacy,,C00050,PHOTO_REUSE
C00443,E018,R00003,2025-01-21T11:00:00,APPROVED,6264.00,stationery,2025-01-27T11:00:00,C00003,PHOTO_REUSE
C00444,E008,R60444,2025-08-28T18:00:00,APPROVED,4277.00,fuel,2025-09-02T18:00:00,C00337,PHOTO_REUSE
C00445,E022,R60445,2025-06-05T14:00:00,APPROVED,3573.00,food,2025-06-10T14:00:00,C00198,PHOTO_REUSE
C00446,E022,R60446,2025-04-10T13:00:00,SUBMITTED,1570.00,food,,C00054,PHOTO_REUSE
C00447,E018,R00303,2025-04-21T11:00:00,APPROVED,1624.00,pharmacy,2025-04-28T11:00:00,C00303,PHOTO_REUSE
C00448,E011,R60448,2025-06-13T13:00:00,REJECTED,5004.00,fuel,2025-06-16T13:00:00,C00364,PHOTO_REUSE
C00449,E017,R00060,2025-08-31T18:00:00,UNDER_REVIEW,22174.00,printing,,C00060,PHOTO_REUSE
C00450,E006,R00374,2025-03-01T14:00:00,UNDER_REVIEW,1340.00,food,,C00374,PHOTO_REUSE
C00451,E015,R00294,2025-06-24T12:00:00,APPROVED,8108.00,stationery,2025-07-01T12:00:00,C00294,PHOTO_REUSE
C00452,E002,R60452,2025-01-29T16:00:00,REJECTED,43023.00,hotel,2025-02-05T16:00:00,C00305,PHOTO_REUSE
C00453,E025,R60453,2025-07-28T18:00:00,APPROVED,2472.00,food,2025-08-03T18:00:00,C00254,PHOTO_REUSE
C00454,E010,R60454,2025-06-15T16:00:00,APPROVED,2487.00,food,2025-06-16T16:00:00,C00232,PHOTO_REUSE
C00455,E025,R60455,2025-01-21T11:00:00,APPROVED,1256.00,grocery,2025-01-26T11:00:00,C00218,PHOTO_REUSE
C00456,E003,R90456,2025-06-20T13:00:00,REJECTED,3376.00,stationery,2025-06-21T13:00:00,C00304,RETYPED
C00457,E021,R90457,2025-02-18T12:00:00,APPROVED,19663.00,hotel,2025-02-25T12:00:00,C00400,RETYPED
C00458,E025,R90458,2025-02-13T13:00:00,SUBMITTED,551.00,food,,C00181,RETYPED
C00459,E020,R90459,2025-07-10T11:00:00,SUBMITTED,4908.50,stationery,,C00290,RETYPED
C00460,E002,R90460,2025-06-20T10:00:00,SUBMITTED,19520.00,hotel,,C00268,RETYPED
C00461,E007,R90461,2025-07-24T16:00:00,SUBMITTED,5151.50,fuel,,C00102,RETYPED
C00462,E002,R90462,2025-06-23T10:00:00,UNDER_REVIEW,1595.50,stationery,,C00188,RETYPED
C00463,E017,R90463,2025-05-04T15:00:00,APPROVED,4063.00,stationery,2025-05-07T15:00:00,C00137,RETYPED
C00464,E013,R90464,2025-05-01T17:00:00,APPROVED,1827.00,food,2025-05-09T17:00:00,C00121,RETYPED
C00465,E015,R90465,2025-03-11T16:00:00,APPROVED,18693.00,travel,2025-03-13T16:00:00,C00159,RETYPED
C00466,E008,R90466,2025-07-18T10:00:00,SUBMITTED,3108.00,food,,C00265,RETYPED
C00467,E016,R90467,2025-05-08T09:00:00,APPROVED,4177.00,hardware,2025-05-09T09:00:00,C00381,RETYPED
C00468,E010,R90468,2025-04-05T15:00:00,UNDER_REVIEW,1991.00,grocery,,C00391,RETYPED
C00469,E021,R90469,2025-02-21T13:00:00,SUBMITTED,5813.50,grocery,,C00166,RETYPED
C00470,E017,R90470,2025-05-27T12:00:00,UNDER_REVIEW,1820.00,pharmacy,,C00193,RETYPED
C00471,E023,R90471,2025-06-14T09:00:00,APPROVED,3735.00,fuel,2025-06-15T09:00:00,C00228,RETYPED
C00472,E015,R90472,2025-07-29T10:00:00,SUBMITTED,2472.50,food,,C00254,RETYPED
C00473,E014,R90473,2025-06-07T10:00:00,APPROVED,2381.00,food,2025-06-09T10:00:00,C00373,RETYPED
C00474,E009,R90474,2025-04-28T10:00:00,APPROVED,3716.50,food,2025-05-01T10:00:00,C00096,RETYPED
C00475,E016,R90475,2025-02-27T18:00:00,SUBMITTED,1325.00,grocery,,C00353,RETYPED
C00476,E004,R70476,2025-06-12T12:00:00,SUBMITTED,1696.31,grocery,,C00091,SPLIT
C00477,E004,R70477,2025-06-11T14:00:00,REJECTED,2847.13,grocery,2025-06-12T14:00:00,C00091,SPLIT
C00478,E007,R70478,2025-02-01T12:00:00,UNDER_REVIEW,1381.24,food,,C00315,SPLIT
C00479,E007,R70479,2025-01-30T14:00:00,APPROVED,1814.12,food,2025-01-31T14:00:00,C00315,SPLIT
C00480,E006,R70480,2025-05-17T17:00:00,APPROVED,2658.49,stationery,2025-05-20T17:00:00,C00174,SPLIT
C00481,E006,R70481,2025-05-22T10:00:00,SUBMITTED,1983.04,stationery,,C00174,SPLIT
C00482,E014,R70482,2025-07-12T09:00:00,APPROVED,2992.54,grocery,2025-07-20T09:00:00,C00241,SPLIT
C00483,E014,R70483,2025-07-11T09:00:00,SUBMITTED,2133.55,grocery,,C00241,SPLIT
C00484,E011,R70484,2025-07-03T12:00:00,SUBMITTED,263.16,food,,C00199,SPLIT
C00485,E011,R70485,2025-07-03T18:00:00,UNDER_REVIEW,1614.78,food,,C00199,SPLIT
C00486,E019,R70486,2025-02-06T16:00:00,APPROVED,20468.03,travel,2025-02-14T16:00:00,C00291,SPLIT
C00487,E019,R70487,2025-02-02T16:00:00,APPROVED,10978.83,travel,2025-02-03T16:00:00,C00291,SPLIT
C00488,E025,R70488,2025-02-05T12:00:00,SUBMITTED,218.48,food,,C00181,SPLIT
C00489,E025,R70489,2025-02-06T09:00:00,APPROVED,331.63,food,2025-02-12T09:00:00,C00181,SPLIT
C00490,E005,R70490,2025-02-03T13:00:00,APPROVED,1366.63,food,2025-02-09T13:00:00,C00016,SPLIT
C00491,E005,R70491,2025-02-09T13:00:00,APPROVED,310.25,food,2025-02-12T13:00:00,C00016,SPLIT
C00492,E012,R70492,2025-03-26T10:00:00,SUBMITTED,3304.55,hardware,,C00056,SPLIT
C00493,E012,R70493,2025-03-28T15:00:00,APPROVED,4703.27,hardware,2025-04-03T15:00:00,C00056,SPLIT
C00494,E016,R00381,2025-05-20T10:00:00,UNDER_REVIEW,4179.00,hardware,,C00381,RESUBMIT_AFTER_REJECT
C00495,E010,R00104,2025-02-04T10:00:00,SUBMITTED,346.00,food,,C00104,RESUBMIT_AFTER_REJECT
C00496,E012,R00115,2025-09-02T11:00:00,SUBMITTED,10477.00,hardware,,C00115,RESUBMIT_AFTER_REJECT
C00497,E004,R00089,2025-05-30T11:00:00,SUBMITTED,2597.00,stationery,,C00089,RESUBMIT_AFTER_REJECT
C00498,E007,R00239,2025-05-10T17:00:00,APPROVED,6303.00,stationery,2025-05-13T17:00:00,C00239,RESUBMIT_AFTER_REJECT
C00499,E003,R00032,2025-06-08T14:00:00,UNDER_REVIEW,19842.00,travel,,C00032,RESUBMIT_AFTER_REJECT
C00500,E002,R00176,2025-01-20T09:00:00,APPROVED,305.00,food,2025-01-22T09:00:00,C00176,RESUBMIT_AFTER_REJECT
C00501,E019,R00117,2025-09-27T14:00:00,APPROVED,969.00,food,2025-09-30T14:00:00,C00117,RESUBMIT_AFTER_REJECT
C00502,E010,R00379,2025-04-04T14:00:00,REJECTED,22997.00,printing,2025-04-07T14:00:00,C00379,RESUBMIT_AFTER_REJECT
C00503,E009,R00008,2025-06-09T18:00:00,APPROVED,2930.00,grocery,2025-06-12T18:00:00,C00008,RESUBMIT_AFTER_REJECT
C00504,E007,R80504,2025-01-31T12:00:00,SUBMITTED,644.00,food,,,
C00505,E003,R80505,2025-09-12T12:00:00,REJECTED,3567.00,food,2025-09-20T12:00:00,,
C00506,E003,R80506,2025-04-04T13:00:00,SUBMITTED,2841.00,pharmacy,,,
C00507,E016,R80507,2025-08-17T16:00:00,APPROVED,24773.00,hotel,2025-08-21T16:00:00,,
C00508,E013,R80508,2025-02-02T09:00:00,SUBMITTED,2045.00,stationery,,,
