receipt_id,image_path,text_path,vendor_name,vendor_canonical,gstin,invoice_no,date,subtotal,cgst,sgst,igst,cess,round_off,total,template_id,noise_tier,rotation_deg
R00001,receipts_images/R00001.png,receipts_text/R00001.txt,Reliance Fresh Supermarket,V004,27AAACR5055K1Z7,TI-2024-29257,2025-01-12,461.60,11.54,11.54,0.00,0.00,0.32,485.00,retail,0,0.0
R00002,receipts_images/R00002.png,receipts_text/R00002.txt,Reliance Fresh Supermarket,V004,27AAACR5055K1Z7,RCPT-2024-47053,2025-01-29,1376.29,34.41,34.40,0.00,0.00,-0.10,1445.00,retail,1,0.55
R00003,receipts_images/R00003.png,receipts_text/R00003.txt,Bengal Book Depot,V013,19AACCB3456W1ZT,INV-2024-20878,2025-01-09,5308.28,0.00,0.00,955.49,0.00,0.23,6264.00,retail,2,-1.23
R00004,receipts_images/R00004.png,receipts_text/R00004.txt,Mumbai Print Solutions LLP,V019,27AAFCM4455C1ZM,INV-2024-01114,2025-01-19,15723.31,1415.10,1415.10,0.00,0.00,0.49,18554.00,b2b,3,-1.15
R00005,receipts_images/R00005.png,receipts_text/R00005.txt,Hyderabad Biryani House,V009,36AADCH4567S1ZS,RCPT-2024-14688,2025-04-19,2068.06,51.70,51.70,0.00,0.00,-0.46,2171.00,restaurant,0,0.0
R00006,receipts_images/R00006.png,receipts_text/R00006.txt,Reliance Fresh Supermarket,V004,27AAACR5055K1Z7,RCPT-2024-64700,2025-02-23,350.80,8.77,8.77,0.00,0.00,-0.34,368.00,retail,1,0.9
R00007,receipts_images/R00007.png,receipts_text/R00007.txt,Reliance Fresh Supermarket,V004,27AAACR5055K1Z7,RCPT-2024-30898,2025-04-08,3082.27,77.06,77.05,0.00,0.00,-0.38,3236.00,retail,1,-1.27
R00008,receipts_images/R00008.png,receipts_text/R00008.txt,Patel Stores,V012,24AAHCP6677V1Z8,TI-2025-44869,2025-05-16,2790.44,69.76,69.76,0.00,0.00,0.04,2930.00,retail,1,1.49
R00009,receipts_images/R00009.png,receipts_text/R00009.txt,Annapurna Restaurant,V002,29AABCA1234M1ZQ,TI-2025-33067,2025-07-01,1358.19,33.96,33.95,0.00,0.00,-0.10,1426.00,restaurant,2,-0.81
R00010,receipts_images/R00010.png,receipts_text/R00010.txt,Deccan Office Supplies,V010,36AAGCD8899T1Z8,INV-2024-40145,2025-05-13,1019.78,0.00,0.00,183.56,0.00,-0.34,1203.00,b2b,0,0.0
R00011,receipts_images/R00011.png,receipts_text/R00011.txt,Deccan Office Supplies,V010,36AAGCD8899T1Z8,RCPT-2025-11579,2025-07-26,1581.95,142.38,142.37,0.00,0.00,0.30,1867.00,b2b,0,0.0
R00012,receipts_images/R00012.png,receipts_text/R00012.txt,Patel Stores,V012,24AAHCP6677V1Z8,BILL-2024-65784,2025-03-14,2934.03,0.00,0.00,146.70,0.00,0.27,3081.00,retail,3,1.02
R00013,receipts_images/R00013.png,receipts_text/R00013.txt,Lucknow Travels Agencies,V015,09AAGCL1122Y1ZT,TI-2024-87611,2025-06-06,8168.92,204.23,204.22,0.00,0.00,-0.37,8577.00,b2b,1,-0.08
R00014,receipts_images/R00014.png,receipts_text/R00014.txt,Bharat Petroleum Outlet,V003,27AAACB1111P1ZW,TI-2024-53876,2025-06-12,1634.21,0.00,0.00,0.00,0.00,-0.21,1634.00,fuel,2,2.42
R00015,receipts_images/R00015.png,receipts_text/R00015.txt,Gujarat Enterprises,V011,24AABCG2244U1ZA,RCPT-2024-82269,2025-06-04,13459.83,1211.39,1211.38,0.00,0.00,0.40,15883.00,b2b,1,-0.61
R00016,receipts_images/R00016.png,receipts_text/R00016.txt,Cafe Coffee Junction,V018,29AAECC2233B1Z7,BILL-2024-40903,2025-01-20,1597.03,39.93,39.92,0.00,0.00,0.12,1677.00,restaurant,0,0.0
R00017,receipts_images/R00017.png,receipts_text/R00017.txt,Indian Oil Fuel Station,V008,33AAACI0123R1ZQ,BILL-2025-84965,2025-04-21,3895.38,0.00,0.00,0.00,0.00,-0.38,3895.00,fuel,0,0.0
R00018,receipts_images/R00018.png,receipts_text/R00018.txt,Reliance Fresh Supermarket,V004,27AAACR5055K1Z7,BILL-2024-24585,2025-03-08,2501.37,62.54,62.53,0.00,0.00,-0.44,2626.00,retail,0,0.0
R00019,receipts_images/R00019.png,receipts_text/R00019.txt,Mumbai Print Solutions LLP,V019,27AAFCM4455C1ZM,RCPT-2024-86458,2025-02-28,7915.37,0.00,0.00,1424.77,0.00,-0.14,9340.00,b2b,0,0.0
R00020,receipts_images/R00020.png,receipts_text/R00020.txt,Hotel Sunrise Residency,V005,07AACCH9012Q1Z8,INV-2024-52776,2025-05-03,28083.59,1685.02,1685.01,0.00,0.00,0.38,31454.00,b2b,2,-2.26
R00021,receipts_images/R00021.png,receipts_text/R00021.txt,Park Street Cafe,V014,19AAFCP7890X1ZW,TI-2025-91166,2025-06-28,2308.58,0.00,0.00,115.43,0.00,-0.01,2424.00,restaurant,2,-0.47
R00022,receipts_images/R00022.png,receipts_text/R00022.txt,Hotel Sunrise Residency,V005,07AACCH9012Q1Z8,TI-2025-43460,2025-05-15,26642.91,1598.58,1598.57,0.00,0.00,-0.06,29840.00,b2b,2,-1.31
R00023,receipts_images/R00023.png,receipts_text/R00023.txt,Hyderabad Biryani House,V009,36AADCH4567S1ZS,INV-2025-13283,2025-09-01,1492.74,37.32,37.32,0.00,0.00,-0.38,1567.00,restaurant,1,1.27
R00024,receipts_images/R00024.png,receipts_text/R00024.txt,Bharat Petroleum Outlet,V003,27AAACB1111P1ZW,INV-2024-83713,2025-07-17,4730.06,0.00,0.00,0.00,0.00,-0.06,4730.00,fuel,0,0.0
R00025,receipts_images/R00025.png,receipts_text/R00025.txt,Ganga Departmental Store,V016,09AABCG5566Z1ZD,TI-2025-07151,2025-06-27,1581.88,39.55,39.54,0.00,0.00,0.03,1661.00,retail,1,-0.01
R00026,receipts_images/R00026.png,receipts_text/R00026.txt,Park Street Cafe,V014,19AAFCP7890X1ZW,RCPT-2025-41230,2025-07-01,2065.86,51.65,51.64,0.00,0.00,-0.15,2169.00,restaurant,0,0.0
R00027,receipts_images/R00027.png,receipts_text/R00027.txt,Ganga Departmental Store,V016,09AABCG5566Z1ZD,RCPT-2024-69860,2025-07-25,1079.69,26.99,26.99,0.00,0.00,0.33,1134.00,retail,1,1.22
R00028,receipts_images/R00028.png,receipts_text/R00028.txt,Bharat Petroleum Outlet,V003,27AAACB1111P1ZW,RCPT-2025-47590,2025-02-06,4601.12,0.00,0.00,0.00,0.00,-0.12,4601.00,fuel,0,0.0
R00029,receipts_images/R00029.png,receipts_text/R00029.txt,Annapurna Restaurant,V002,29AABCA1234M1ZQ,RCPT-2025-98334,2025-05-20,790.02,19.75,19.75,0.00,0.00,0.48,830.00,restaurant,1,0.42
R00030,receipts_images/R00030.png,receipts_text/R00030.txt,Cafe Coffee Junction,V018,29AAECC2233B1Z7,RCPT-2024-69264,2025-06-17,1319.64,32.99,32.99,0.00,0.00,0.38,1386.00,restaurant,2,1.61
R00031,receipts_images/R00031.png,receipts_text/R00031.txt,Sharma Traders Pvt Ltd,V001,29AAGCB7383J1Z4,TI-2024-15539,2025-06-24,6046.32,544.17,544.17,0.00,0.00,0.34,7135.00,b2b,0,0.0
R00032,receipts_images/R00032.png,receipts_text/R00032.txt,Lucknow Travels Agencies,V015,09AAGCL1122Y1ZT,BILL-2025-75703,2025-05-19,18896.87,472.42,472.42,0.00,0.00,0.29,19842.00,b2b,0,0.0
R00033,receipts_images/R00033.png,receipts_text/R00033.txt,Apollo Pharmacy Outlet,V020,33AAACA6677D1ZW,TI-2024-18323,2025-03-05,714.23,42.86,42.85,0.00,0.00,0.06,800.00,retail,0,0.0
R00034,receipts_images/R00034.png,receipts_text/R00034.txt,Bharat Petroleum Outlet,V003,27AAACB1111P1ZW,BILL-2024-00079,2025-04-12,774.99,0.00,0.00,0.00,0.00,0.01,775.00,fuel,0,0.0
R00035,receipts_images/R00035.png,receipts_text/R00035.txt,Patel Stores,V012,24AAHCP6677V1Z8,TI-2024-65593,2025-06-17,794.58,19.87,19.86,0.00,0.00,-0.31,834.00,retail,2,-0.44
R00036,receipts_images/R00036.png,receipts_text/R00036.txt,Kumar Medicals,V006,07AAFCK3321L1ZK,INV-2024-45403,2025-08-19,2482.78,148.97,148.96,0.00,0.00,0.29,2781.00,retail,1,0.94
R00037,receipts_images/R00037.png,receipts_text/R00037.txt,Mumbai Print Solutions LLP,V019,27AAFCM4455C1ZM,BILL-2025-26491,2025-01-23,12135.82,1092.23,1092.22,0.00,0.00,-0.27,14320.00,b2b,0,0.0
R00038,receipts_images/R00038.png,receipts_text/R00038.txt,Apollo Pharmacy Outlet,V020,33AAACA6677D1ZW,TI-2024-04074,2025-06-09,1559.41,93.57,93.56,0.00,0.00,0.46,1747.00,retail,0,0.0
R00039,receipts_images/R00039.png,receipts_text/R00039.txt,Gujarat Enterprises,V011,24AABCG2244U1ZA,INV-2024-58225,2025-02-03,8411.53,757.04,757.04,0.00,0.00,0.39,9926.00,b2b,2,-0.35
R00040,receipts_images/R00040.png,receipts_text/R00040.txt,Annapurna Restaurant,V002,29AABCA1234M1ZQ,INV-2024-88723,2025-08-16,1480.36,37.01,37.01,0.00,0.00,-0.38,1554.00,restaurant,2,-1.88
R00041,receipts_images/R00041.png,receipts_text/R00041.txt,Lucknow Travels Agencies,V015,09AAGCL1122Y1ZT,RCPT-2025-95952,2025-02-20,4948.19,123.71,123.70,0.00,0.00,0.40,5196.00,b2b,1,0.28
R00042,receipts_images/R00042.png,receipts_text/R00042.txt,Cafe Coffee Junction,V018,29AAECC2233B1Z7,TI-2025-87261,2025-07-24,1228.57,30.72,30.71,0.00,0.00,0.00,1290.00,restaurant,2,-2.4
R00043,receipts_images/R00043.png,receipts_text/R00043.txt,Bengal Book Depot,V013,19AACCB3456W1ZT,RCPT-2024-71717,2025-04-20,1996.41,0.00,0.00,359.35,0.00,0.24,2356.00,retail,1,-1.05
R00044,receipts_images/R00044.png,receipts_text/R00044.txt,Apollo Pharmacy Outlet,V020,33AAACA6677D1ZW,BILL-2024-76178,2025-08-03,1206.93,72.42,72.41,0.00,0.00,0.24,1352.00,retail,3,-0.2
R00045,receipts_images/R00045.png,receipts_text/R00045.txt,Lucknow Travels Agencies,V015,09AAGCL1122Y1ZT,RCPT-2025-19051,2025-01-26,12292.83,307.32,307.32,0.00,0.00,-0.47,12907.00,b2b,0,0.0
R00046,receipts_images/R00046.png,receipts_text/R00046.txt,Saravana Bhavan,V007,33AAECS7788N1ZJ,TI-2024-46848,2025-02-15,1652.88,41.32,41.32,0.00,0.00,0.48,1736.00,restaurant,1,-0.43
R00047,receipts_images/R00047.png,receipts_text/R00047.txt,Annapurna Restaurant,V002,29AABCA1234M1ZQ,BILL-2025-71676,2025-03-24,1284.23,32.11,32.10,0.00,0.00,-0.44,1348.00,restaurant,1,0.46
R00048,receipts_images/R00048.png,receipts_text/R00048.txt,Reliance Fresh Supermarket,V004,27AAACR5055K1Z7,INV-2024-87059,2025-05-16,3254.54,81.37,81.36,0.00,0.00,-0.27,3417.00,retail,3,0.65
R00049,receipts_images/R00049.png,receipts_text/R00049.txt,Bengal Book Depot,V013,19AACCB3456W1ZT,INV-2025-07335,2025-07-03,2972.36,0.00,0.00,535.02,0.00,-0.38,3507.00,retail,3,1.96
R00050,receipts_images/R00050.png,receipts_text/R00050.txt,Kumar Medicals,V006,07AAFCK3321L1ZK,TI-2024-31046,2025-01-10,1544.03,92.64,92.64,0.00,0.00,-0.31,1729.00,retail,0,0.0
R00051,receipts_images/R00051.png,receipts_text/R00051.txt,Reliance Fresh Supermarket,V004,27AAACR5055K1Z7,BILL-2024-22911,2025-06-04,1960.66,49.02,49.01,0.00,0.00,0.31,2059.00,retail,1,1.39
R00052,receipts_images/R00052.png,receipts_text/R00052.txt,Bharat Petroleum Outlet,V003,27AAACB1111P1ZW,INV-2024-34353,2025-01-28,2125.17,0.00,0.00,0.00,0.00,-0.17,2125.00,fuel,0,0.0
R00053,receipts_images/R00053.png,receipts_text/R00053.txt,Reliance Fresh Supermarket,V004,27AAACR5055K1Z7,TI-2025-49857,2025-07-09,1244.27,31.11,31.10,0.00,0.00,-0.48,1306.00,retail,0,0.0
R00054,receipts_images/R00054.png,receipts_text/R00054.txt,Saravana Bhavan,V007,33AAECS7788N1ZJ,BILL-2025-89470,2025-03-24,1494.91,0.00,0.00,74.75,0.00,0.34,1570.00,restaurant,2,-1.13
R00055,receipts_images/R00055.png,receipts_text/R00055.txt,Park Street Cafe,V014,19AAFCP7890X1ZW,TI-2025-39886,2025-06-09,3869.32,96.74,96.73,0.00,0.00,0.21,4063.00,restaurant,0,0.0
R00056,receipts_images/R00056.png,receipts_text/R00056.txt,Gujarat Enterprises,V011,24AABCG2244U1ZA,BILL-2025-25816,2025-03-13,6786.29,610.77,610.76,0.00,0.00,0.18,8008.00,b2b,0,0.0
R00057,receipts_images/R00057.png,receipts_text/R00057.txt,Reliance Fresh Supermarket,V004,27AAACR5055K1Z7,BILL-2025-51524,2025-06-04,3350.07,0.00,0.00,167.50,0.00,0.43,3518.00,retail,1,-1.38
R00058,receipts_images/R00058.png,receipts_text/R00058.txt,Deccan Office Supplies,V010,36AAGCD8899T1Z8,BILL-2025-83349,2025-03-05,2120.09,190.81,190.81,0.00,0.00,0.29,2502.00,b2b,2,0.15
R00059,receipts_images/R00059.png,receipts_text/R00059.txt,Mumbai Print Solutions LLP,V019,27AAFCM4455C1ZM,TI-2024-19536,2025-04-03,2308.73,0.00,0.00,415.57,0.00,-0.30,2724.00,b2b,1,1.05
R00060,receipts_images/R00060.png,receipts_text/R00060.txt,Mumbai Print Solutions LLP,V019,27AAFCM4455C1ZM,BILL-2024-75229,2025-08-24,18791.48,1691.24,1691.23,0.00,0.00,0.05,22174.00,b2b,1,-1.23
R00061,receipts_images/R00061.png,receipts_text/R00061.txt,Annapurna Restaurant,V002,29AABCA1234M1ZQ,BILL-2025-05118,2025-08-31,1669.30,41.74,41.73,0.00,0.00,0.23,1753.00,restaurant,1,-0.17
R00062,receipts_images/R00062.png,receipts_text/R00062.txt,Ganga Departmental Store,V016,09AABCG5566Z1ZD,TI-2025-04827,2025-04-17,1283.88,32.10,32.09,0.00,0.00,-0.07,1348.00,retail,0,0.0
R00063,receipts_images/R00063.png,receipts_text/R00063.txt,Reliance Fresh Supermarket,V004,27AAACR5055K1Z7,TI-2024-82482,2025-07-16,2057.36,51.44,51.43,0.00,0.00,-0.23,2160.00,retail,0,0.0
R00064,receipts_images/R00064.png,receipts_text/R00064.txt,Ganga Departmental Store,V016,09AABCG5566Z1ZD,INV-2024-27470,2025-08-11,886.94,22.18,22.17,0.00,0.00,-0.29,931.00,retail,0,0.0
R00065,receipts_images/R00065.png,receipts_text/R00065.txt,Hotel Sunrise Residency,V005,07AACCH9012Q1Z8,INV-2024-99466,2025-07-28,23402.69,1404.16,1404.16,0.00,0.00,-0.01,26211.00,b2b,2,-0.16
R00066,receipts_images/R00066.png,receipts_text/R00066.txt,Reliance Fresh Supermarket,V004,27AAACR5055K1Z7,BILL-2025-18008,2025-01-18,383.20,9.58,9.58,0.00,0.00,-0.36,402.00,retail,1,-1.36
R00067,receipts_images/R00067.png,receipts_text/R00067.txt,Hyderabad Biryani House,V009,36AADCH4567S1ZS,INV-2024-14545,2025-03-25,2483.56,62.09,62.09,0.00,0.00,0.26,2608.00,restaurant,2,-1.88
R00068,receipts_images/R00068.png,receipts_text/R00068.txt,Reliance Fresh Supermarket,V004,27AAACR5055K1Z7,INV-2025-85728,2025-02-14,372.48,9.31,9.31,0.00,0.00,-0.10,391.00,retail,0,0.0
R00069,receipts_images/R00069.png,receipts_text/R00069.txt,Kumar Medicals,V006,07AAFCK3321L1ZK,TI-2025-91145,2025-06-15,1265.32,75.92,75.92,0.00,0.00,-0.16,1417.00,retail,0,0.0
R00070,receipts_images/R00070.png,receipts_text/R00070.txt,Saravana Bhavan,V007,33AAECS7788N1ZJ,RCPT-2024-44033,2025-05-30,1947.92,48.70,48.70,0.00,0.00,-0.32,2045.00,restaurant,2,0.74
R00071,receipts_images/R00071.png,receipts_text/R00071.txt,Hyderabad Biryani House,V009,36AADCH4567S1ZS,RCPT-2024-22768,2025-05-18,2739.94,0.00,0.00,137.00,0.00,0.06,2877.00,restaurant,2,-0.39
R00072,receipts_images/R00072.png,receipts_text/R00072.txt,Lucknow Travels Agencies,V015,09AAGCL1122Y1ZT,TI-2025-38072,2025-03-26,16714.21,417.86,417.85,0.00,0.00,0.08,17550.00,b2b,0,0.0
R00073,receipts_images/R00073.png,receipts_text/R00073.txt,Bharat Petroleum Outlet,V003,27AAACB1111P1ZW,INV-2024-02541,2025-06-09,2272.20,0.00,0.00,0.00,0.00,-0.20,2272.00,fuel,1,0.08
R00074,receipts_images/R00074.png,receipts_text/R00074.txt,Shell Select Fuel Point,V017,29AAACS9911A1ZI,BILL-2025-66826,2025-02-22,1942.22,0.00,0.00,0.00,0.00,-0.22,1942.00,fuel,1,0.97
R00075,receipts_images/R00075.png,receipts_text/R00075.txt,Annapurna Restaurant,V002,29AABCA1234M1ZQ,RCPT-2025-75949,2025-09-01,2368.21,59.21,59.20,0.00,0.00,0.38,2487.00,restaurant,0,0.0
R00076,receipts_images/R00076.png,receipts_text/R00076.txt,Bharat Petroleum Outlet,V003,27AAACB1111P1ZW,BILL-2025-89354,2025-03-16,7499.39,0.00,0.00,0.00,0.00,-0.39,7499.00,fuel,0,0.0
R00077,receipts_images/R00077.png,receipts_text/R00077.txt,Bengal Book Depot,V013,19AACCB3456W1ZT,RCPT-2024-38829,2025-06-14,908.83,0.00,0.00,163.59,0.00,-0.42,1072.00,retail,1,-0.06
R00078,receipts_images/R00078.png,receipts_text/R00078.txt,Shell Select Fuel Point,V017,29AAACS9911A1ZI,INV-2025-55317,2025-01-13,1187.04,0.00,0.00,0.00,0.00,-0.04,1187.00,fuel,3,2.11
R00079,receipts_images/R00079.png,receipts_text/R00079.txt,Shell Select Fuel Point,V017,29AAACS9911A1ZI,INV-2025-08437,2025-02-02,1706.96,0.00,0.00,0.00,0.00,0.04,1707.00,fuel,0,0.0
R00080,receipts_images/R00080.png,receipts_text/R00080.txt,Deccan Office Supplies,V010,36AAGCD8899T1Z8,RCPT-2024-07236,2025-02-06,4509.71,405.88,405.87,0.00,0.00,-0.46,5321.00,b2b,0,0.0
R00081,receipts_images/R00081.png,receipts_text/R00081.txt,Bengal Book Depot,V013,19AACCB3456W1ZT,RCPT-2024-70267,2025-02-15,973.68,87.63,87.63,0.00,0.00,0.06,1149.00,retail,2,-0.62
R00082,receipts_images/R00082.png,receipts_text/R00082.txt,Park Street Cafe,V014,19AAFCP7890X1ZW,INV-2024-12573,2025-07-13,1671.25,41.78,41.78,0.00,0.00,0.19,1755.00,restaurant,2,0.71
R00083,receipts_images/R00083.png,receipts_text/R00083.txt,Kumar Medicals,V006,07AAFCK3321L1ZK,BILL-2024-70066,2025-02-03,2211.58,132.70,132.69,0.00,0.00,0.03,2477.00,retail,1,-0.58
R00084,receipts_images/R00084.png,receipts_text/R00084.txt,Patel Stores,V012,24AAHCP6677V1Z8,INV-2025-39044,2025-04-12,2212.67,55.32,55.31,0.00,0.00,-0.30,2323.00,retail,0,0.0
R00085,receipts_images/R00085.png,receipts_text/R00085.txt,Shell Select Fuel Point,V017,29AAACS9911A1ZI,RCPT-2025-48146,2025-03-14,946.40,0.00,0.00,0.00,0.00,-0.40,946.00,fuel,1,1.45
R00086,receipts_images/R00086.png,receipts_text/R00086.txt,Park Street Cafe,V014,19AAFCP7890X1ZW,BILL-2025-38189,2025-08-30,2397.80,59.95,59.94,0.00,0.00,0.31,2518.00,restaurant,0,0.0
R00087,receipts_images/R00087.png,receipts_text/R00087.txt,Indian Oil Fuel Station,V008,33AAACI0123R1ZQ,INV-2024-04240,2025-03-27,6522.34,0.00,0.00,0.00,0.00,-0.34,6522.00,fuel,0,0.0
R00088,receipts_images/R00088.png,receipts_text/R00088.txt,Apollo Pharmacy Outlet,V020,33AAACA6677D1ZW,BILL-2025-69483,2025-08-05,1712.40,102.75,102.74,0.00,0.00,0.11,1918.00,retail,0,0.0
R00089,receipts_images/R00089.png,receipts_text/R00089.txt,Deccan Office Supplies,V010,36AAGCD8899T1Z8,INV-2025-58680,2025-05-09,2200.61,198.06,198.05,0.00,0.00,0.28,2597.00,b2b,0,0.0
R00090,receipts_images/R00090.png,receipts_text/R00090.txt,Cafe Coffee Junction,V018,29AAECC2233B1Z7,BILL-2025-45711,2025-07-31,3195.98,79.90,79.90,0.00,0.00,0.22,3356.00,restaurant,3,0.86
R00091,receipts_images/R00091.png,receipts_text/R00091.txt,Reliance Fresh Supermarket,V004,27AAACR5055K1Z7,BILL-2025-60942,2025-05-29,4327.09,108.18,108.17,0.00,0.00,-0.44,4543.00,retail,1,0.25
R00092,receipts_images/R00092.png,receipts_text/R00092.txt,Mumbai Print Solutions LLP,V019,27AAFCM4455C1ZM,BILL-2024-54842,2025-08-24,15266.99,1374.03,1374.03,0.00,0.00,-0.05,18015.00,b2b,0,0.0
R00093,receipts_images/R00093.png,receipts_text/R00093.txt,Lucknow Travels Agencies,V015,09AAGCL1122Y1ZT,BILL-2024-79274,2025-01-08,25747.84,643.70,643.69,0.00,0.00,-0.23,27035.00,b2b,0,0.0
R00094,receipts_images/R00094.png,receipts_text/R00094.txt,Saravana Bhavan,V007,33AAECS7788N1ZJ,RCPT-2025-05611,2025-08-24,1537.47,38.44,38.43,0.00,0.00,-0.34,1614.00,restaurant,1,0.46
R00095,receipts_images/R00095.png,receipts_text/R00095.txt,Apollo Pharmacy Outlet,V020,33AAACA6677D1ZW,RCPT-2025-85259,2025-05-16,2675.23,160.52,160.51,0.00,0.00,-0.26,2996.00,retail,0,0.0
R00096,receipts_images/R00096.png,receipts_text/R00096.txt,Hyderabad Biryani House,V009,36AADCH4567S1ZS,RCPT-2024-42553,2025-04-13,3540.13,88.51,88.50,0.00,0.00,-0.14,3717.00,restaurant,3,1.3
R00097,receipts_images/R00097.png,receipts_text/R00097.txt,Annapurna Restaurant,V002,29AABCA1234M1ZQ,RCPT-2025-14084,2025-01-15,209.23,5.23,5.23,0.00,0.00,0.31,220.00,restaurant,2,0.6
R00098,receipts_images/R00098.png,receipts_text/R00098.txt,Sharma Traders Pvt Ltd,V001,29AAGCB7383J1Z4,TI-2025-03394,2025-05-15,492.74,0.00,0.00,88.69,0.00,-0.43,581.00,b2b,0,0.0
R00099,receipts_images/R00099.png,receipts_text/R00099.txt,Hyderabad Biryani House,V009,36AADCH4567S1ZS,BILL-2025-80581,2025-06-08,821.14,20.53,20.53,0.00,0.00,-0.20,862.00,restaurant,3,-0.91
R00100,receipts_images/R00100.png,receipts_text/R00100.txt,Saravana Bhavan,V007,33AAECS7788N1ZJ,TI-2025-28539,2025-01-16,1763.70,44.10,44.09,0.00,0.00,0.11,1852.00,restaurant,0,0.0
R00101,receipts_images/R00101.png,receipts_text/R00101.txt,Mumbai Print Solutions LLP,V019,27AAFCM4455C1ZM,INV-2025-38042,2025-06-14,18027.98,1622.52,1622.52,0.00,0.00,-0.02,21273.00,b2b,0,0.0
R00102,receipts_images/R00102.png,receipts_text/R00102.txt,Indian Oil Fuel Station,V008,33AAACI0123R1ZQ,RCPT-2024-14417,2025-07-10,5150.90,0.00,0.00,0.00,0.00,0.10,5151.00,fuel,0,0.0
R00103,receipts_images/R00103.png,receipts_text/R00103.txt,Indian Oil Fuel Station,V008,33AAACI0123R1ZQ,TI-2025-05629,2025-06-28,5397.28,0.00,0.00,0.00,0.00,-0.28,5397.00,fuel,0,0.0
R00104,receipts_images/R00104.png,receipts_text/R00104.txt,Annapurna Restaurant,V002,29AABCA1234M1ZQ,TI-2024-89785,2025-01-10,329.52,8.24,8.24,0.00,0.00,0.00,346.00,restaurant,0,0.0
R00105,receipts_images/R00105.png,receipts_text/R00105.txt,Apollo Pharmacy Outlet,V020,33AAACA6677D1ZW,BILL-2024-22008,2025-06-17,2185.42,131.13,131.12,0.00,0.00,0.33,2448.00,retail,0,0.0
R00106,receipts_images/R00106.png,receipts_text/R00106.txt,Saravana Bhavan,V007,33AAECS7788N1ZJ,INV-2024-79896,2025-08-22,1265.64,31.64,31.64,0.00,0.00,0.08,1329.00,restaurant,0,0.0
R00107,receipts_images/R00107.png,receipts_text/R00107.txt,Reliance Fresh Supermarket,V004,27AAACR5055K1Z7,RCPT-2024-02514,2025-04-27,154.82,3.87,3.87,0.00,0.00,0.44,163.00,retail,0,0.0
R00108,receipts_images/R00108.png,receipts_text/R00108.txt,Mumbai Print Solutions LLP,V019,27AAFCM4455C1ZM,INV-2025-71746,2025-08-07,14073.27,1266.60,1266.59,0.00,0.00,-0.46,16606.00,b2b,2,1.65
R00109,receipts_images/R00109.png,receipts_text/R00109.txt,Reliance Fresh Supermarket,V004,27AAACR5055K1Z7,INV-2025-84124,2025-04-17,1407.00,35.18,35.17,0.00,0.00,-0.35,1477.00,retail,2,0.85
R00110,receipts_images/R00110.png,receipts_text/R00110.txt,Park Street Cafe,V014,19AAFCP7890X1ZW,BILL-2024-96669,2025-03-28,854.78,21.37,21.37,0.00,0.00,0.48,898.00,restaurant,1,-0.2
R00111,receipts_images/R00111.png,receipts_text/R00111.txt,Cafe Coffee Junction,V018,29AAECC2233B1Z7,INV-2025-73230,2025-07-29,333.86,8.35,8.34,0.00,0.00,0.45,351.00,restaurant,2,0.52
R00112,receipts_images/R00112.png,receipts_text/R00112.txt,Kumar Medicals,V006,07AAFCK3321L1ZK,INV-2025-52372,2025-03-07,1395.07,83.71,83.70,0.00,0.00,-0.48,1562.00,retail,0,0.0
R00113,receipts_images/R00113.png,receipts_text/R00113.txt,Patel Stores,V012,24AAHCP6677V1Z8,RCPT-2024-48643,2025-05-25,4083.52,102.09,102.09,0.00,0.00,0.30,4288.00,retail,0,0.0
R00114,receipts_images/R00114.png,receipts_text/R00114.txt,Mumbai Print Solutions LLP,V019,27AAFCM4455C1ZM,RCPT-2024-02648,2025-07-10,11224.34,0.00,0.00,2020.38,0.00,0.28,13245.00,b2b,1,0.03
R00115,receipts_images/R00115.png,receipts_text/R00115.txt,Gujarat Enterprises,V011,24AABCG2244U1ZA,INV-2025-55125,2025-08-05,8879.11,799.12,799.12,0.00,0.00,-0.35,10477.00,b2b,0,0.0
R00116,receipts_images/R00116.png,receipts_text/R00116.txt,Patel Stores,V012,24AAHCP6677V1Z8,RCPT-2025-37219,2025-01-20,1947.48,0.00,0.00,97.37,0.00,0.15,2045.00,retail,0,0.0
R00117,receipts_images/R00117.png,receipts_text/R00117.txt,Park Street Cafe,V014,19AAFCP7890X1ZW,BILL-2025-76375,2025-09-01,922.44,23.06,23.06,0.00,0.00,0.44,969.00,restaurant,0,0.0
R00118,receipts_images/R00118.png,receipts_text/R00118.txt,Reliance Fresh Supermarket,V004,27AAACR5055K1Z7,BILL-2024-00970,2025-06-05,2745.33,68.64,68.63,0.00,0.00,0.40,2883.00,retail,0,0.0
R00119,receipts_images/R00119.png,receipts_text/R00119.txt,Hotel Sunrise Residency,V005,07AACCH9012Q1Z8,TI-2025-56441,2025-01-29,8896.45,533.79,533.78,0.00,0.00,-0.02,9964.00,b2b,3,0.39
R00120,receipts_images/R00120.png,receipts_text/R00120.txt,Gujarat Enterprises,V011,24AABCG2244U1ZA,BILL-2025-22954,2025-03-12,8306.50,747.59,747.58,0.00,0.00,0.33,9802.00,b2b,2,2.36
R00121,receipts_images/R00121.png,receipts_text/R00121.txt,Park Street Cafe,V014,19AAFCP7890X1ZW,BILL-2024-17462,2025-04-17,1737.80,43.45,43.44,0.00,0.00,0.31,1825.00,restaurant,2,-2.46
R00122,receipts_images/R00122.png,receipts_text/R00122.txt,Deccan Office Supplies,V010,36AAGCD8899T1Z8,INV-2024-01022,2025-07-13,3362.70,302.65,302.64,0.00,0.00,0.01,3968.00,b2b,1,0.06
R00123,receipts_images/R00123.png,receipts_text/R00123.txt,Kumar Medicals,V006,07AAFCK3321L1ZK,RCPT-2025-58949,2025-07-08,953.48,57.21,57.21,0.00,0.00,0.10,1068.00,retail,2,0.3
R00124,receipts_images/R00124.png,receipts_text/R00124.txt,Gujarat Enterprises,V011,24AABCG2244U1ZA,INV-2024-66521,2025-04-08,1986.80,178.81,178.81,0.00,0.00,-0.42,2344.00,b2b,0,0.0
R00125,receipts_images/R00125.png,receipts_text/R00125.txt,Saravana Bhavan,V007,33AAECS7788N1ZJ,RCPT-2024-73307,2025-03-04,2217.83,55.45,55.44,0.00,0.00,0.28,2329.00,restaurant,0,0.0
R00126,receipts_images/R00126.png,receipts_text/R00126.txt,Mumbai Print Solutions LLP,V019,27AAFCM4455C1ZM,RCPT-2024-95487,2025-06-17,16995.66,0.00,0.00,3059.22,0.00,0.12,20055.00,b2b,0,0.0
R00127,receipts_images/R00127.png,receipts_text/R00127.txt,Ganga Departmental Store,V016,09AABCG5566Z1ZD,TI-2024-51199,2025-08-09,2815.50,70.39,70.39,0.00,0.00,-0.28,2956.00,retail,2,0.11
R00128,receipts_images/R00128.png,receipts_text/R00128.txt,Gujarat Enterprises,V011,24AABCG2244U1ZA,INV-2025-01027,2025-05-01,6069.24,0.00,0.00,1092.46,0.00,0.30,7162.00,b2b,3,-0.24
R00129,receipts_images/R00129.png,receipts_text/R00129.txt,Mumbai Print Solutions LLP,V019,27AAFCM4455C1ZM,INV-2025-99416,2025-03-27,5460.90,491.48,491.48,0.00,0.00,0.14,6444.00,b2b,0,0.0
R00130,receipts_images/R00130.png,receipts_text/R00130.txt,Lucknow Travels Agencies,V015,09AAGCL1122Y1ZT,RCPT-2025-98267,2025-06-05,9160.23,229.01,229.00,0.00,0.00,-0.24,9618.00,b2b,1,0.2
R00131,receipts_images/R00131.png,receipts_text/R00131.txt,Hotel Sunrise Residency,V005,07AACCH9012Q1Z8,TI-2025-94442,2025-05-18,29344.59,1760.68,1760.67,0.00,0.00,0.06,32866.00,b2b,0,0.0
R00132,receipts_images/R00132.png,receipts_text/R00132.txt,Gujarat Enterprises,V011,24AABCG2244U1ZA,BILL-2025-31071,2025-05-29,5416.30,487.47,487.46,0.00,0.00,-0.23,6391.00,b2b,3,1.36
R00133,receipts_images/R00133.png,receipts_text/R00133.txt,Mumbai Print Solutions LLP,V019,27AAFCM4455C1ZM,INV-2024-04563,2025-05-21,3863.07,0.00,0.00,695.35,0.00,-0.42,4558.00,b2b,1,1.27
R00134,receipts_images/R00134.png,receipts_text/R00134.txt,Lucknow Travels Agencies,V015,09AAGCL1122Y1ZT,TI-2024-94737,2025-06-03,17734.18,443.36,443.35,0.00,0.00,0.11,18621.00,b2b,1,1.21
R00135,receipts_images/R00135.png,receipts_text/R00135.txt,Bengal Book Depot,V013,19AACCB3456W1ZT,INV-2025-66307,2025-02-21,1803.14,162.29,162.28,0.00,0.00,0.29,2128.00,retail,1,0.85
R00136,receipts_images/R00136.png,receipts_text/R00136.txt,Saravana Bhavan,V007,33AAECS7788N1ZJ,TI-2025-18573,2025-03-10,2447.83,61.20,61.19,0.00,0.00,-0.22,2570.00,restaurant,1,0.05
R00137,receipts_images/R00137.png,receipts_text/R00137.txt,Sharma Traders Pvt Ltd,V001,29AAGCB7383J1Z4,INV-2024-08224,2025-04-26,3443.65,0.00,0.00,619.86,0.00,0.49,4064.00,b2b,0,0.0
R00138,receipts_images/R00138.png,receipts_text/R00138.txt,Kumar Medicals,V006,07AAFCK3321L1ZK,INV-2024-56789,2025-05-14,1165.82,69.95,69.95,0.00,0.00,0.28,1306.00,retail,1,-0.26
R00139,receipts_images/R00139.png,receipts_text/R00139.txt,Lucknow Travels Agencies,V015,09AAGCL1122Y1ZT,INV-2025-60041,2025-06-26,25227.68,0.00,0.00,1261.38,0.00,-0.06,26489.00,b2b,0,0.0
R00140,receipts_images/R00140.png,receipts_text/R00140.txt,Bengal Book Depot,V013,19AACCB3456W1ZT,TI-2024-55891,2025-05-15,3408.23,306.74,306.74,0.00,0.00,0.29,4022.00,retail,0,0.0
R00141,receipts_images/R00141.png,receipts_text/R00141.txt,Apollo Pharmacy Outlet,V020,33AAACA6677D1ZW,INV-2025-06675,2025-08-26,1856.47,111.39,111.39,0.00,0.00,-0.25,2079.00,retail,1,-1.16
R00142,receipts_images/R00142.png,receipts_text/R00142.txt,Kumar Medicals,V006,07AAFCK3321L1ZK,RCPT-2024-75090,2025-07-04,2062.72,0.00,0.00,247.53,0.00,-0.25,2310.00,retail,0,0.0
R00143,receipts_images/R00143.png,receipts_text/R00143.txt,Park Street Cafe,V014,19AAFCP7890X1ZW,TI-2025-82099,2025-02-04,917.05,0.00,0.00,45.85,0.00,0.10,963.00,restaurant,2,0.02
R00144,receipts_images/R00144.png,receipts_text/R00144.txt,Lucknow Travels Agencies,V015,09AAGCL1122Y1ZT,TI-2024-44906,2025-04-09,11460.05,286.50,286.50,0.00,0.00,-0.05,12033.00,b2b,0,0.0
R00145,receipts_images/R00145.png,receipts_text/R00145.txt,Patel Stores,V012,24AAHCP6677V1Z8,INV-2024-23376,2025-04-04,1091.70,27.30,27.29,0.00,0.00,-0.29,1146.00,retail,0,0.0
R00146,receipts_images/R00146.png,receipts_text/R00146.txt,Lucknow Travels Agencies,V015,09AAGCL1122Y1ZT,TI-2025-53708,2025-08-26,10585.67,264.64,264.64,0.00,0.00,0.05,11115.00,b2b,2,0.16
R00147,receipts_images/R00147.png,receipts_text/R00147.txt,Mumbai Print Solutions LLP,V019,27AAFCM4455C1ZM,TI-2025-15427,2025-02-09,15031.55,1352.84,1352.84,0.00,0.00,-0.23,17737.00,b2b,0,0.0
R00148,receipts_images/R00148.png,receipts_text/R00148.txt,Ganga Departmental Store,V016,09AABCG5566Z1ZD,INV-2024-77130,2025-06-02,523.43,13.09,13.08,0.00,0.00,0.40,550.00,retail,3,1.7
R00149,receipts_images/R00149.png,receipts_text/R00149.txt,Gujarat Enterprises,V011,24AABCG2244U1ZA,INV-2025-38295,2025-04-28,4728.76,425.59,425.59,0.00,0.00,0.06,5580.00,b2b,1,0.28
R00150,receipts_images/R00150.png,receipts_text/R00150.txt,Ganga Departmental Store,V016,09AABCG5566Z1ZD,RCPT-2025-17281,2025-01-06,3084.74,77.12,77.12,0.00,0.00,0.02,3239.00,retail,0,0.0
R00151,receipts_images/R00151.png,receipts_text/R00151.txt,Reliance Fresh Supermarket,V004,27AAACR5055K1Z7,BILL-2025-40481,2025-02-09,3931.79,98.30,98.29,0.00,0.00,-0.38,4128.00,retail,0,0.0
R00152,receipts_images/R00152.png,receipts_text/R00152.txt,Reliance Fresh Supermarket,V004,27AAACR5055K1Z7,INV-2024-81954,2025-05-08,443.11,11.08,11.08,0.00,0.00,-0.27,465.00,retail,0,0.0
R00153,receipts_images/R00153.png,receipts_text/R00153.txt,Gujarat Enterprises,V011,24AABCG2244U1ZA,INV-2025-55249,2025-07-12,2506.42,225.58,225.58,0.00,0.00,0.42,2958.00,b2b,0,0.0
R00154,receipts_images/R00154.png,receipts_text/R00154.txt,Kumar Medicals,V006,07AAFCK3321L1ZK,TI-2025-91754,2025-05-09,2490.84,149.45,149.45,0.00,0.00,0.26,2790.00,retail,2,1.77
R00155,receipts_images/R00155.png,receipts_text/R00155.txt,Shell Select Fuel Point,V017,29AAACS9911A1ZI,BILL-2024-92470,2025-03-09,2157.96,0.00,0.00,0.00,0.00,0.04,2158.00,fuel,0,0.0
R00156,receipts_images/R00156.png,receipts_text/R00156.txt,Annapurna Restaurant,V002,29AABCA1234M1ZQ,INV-2024-99442,2025-08-31,1683.42,0.00,0.00,84.17,0.00,0.41,1768.00,restaurant,0,0.0
R00157,receipts_images/R00157.png,receipts_text/R00157.txt,Ganga Departmental Store,V016,09AABCG5566Z1ZD,BILL-2024-75834,2025-05-23,1684.48,42.11,42.11,0.00,0.00,0.30,1769.00,retail,3,1.47
R00158,receipts_images/R00158.png,receipts_text/R00158.txt,Kumar Medicals,V006,07AAFCK3321L1ZK,TI-2024-38723,2025-08-05,4660.23,279.62,279.61,0.00,0.00,-0.46,5219.00,retail,0,0.0
R00159,receipts_images/R00159.png,receipts_text/R00159.txt,Lucknow Travels Agencies,V015,09AAGCL1122Y1ZT,TI-2025-73097,2025-02-23,17805.17,445.13,445.13,0.00,0.00,-0.43,18695.00,b2b,2,1.21
R00160,receipts_images/R00160.png,receipts_text/R00160.txt,Indian Oil Fuel Station,V008,33AAACI0123R1ZQ,RCPT-2025-43176,2025-04-24,4452.65,0.00,0.00,0.00,0.00,0.35,4453.00,fuel,2,1.46
R00161,receipts_images/R00161.png,receipts_text/R00161.txt,Kumar Medicals,V006,07AAFCK3321L1ZK,INV-2025-43733,2025-02-18,2327.81,139.67,139.67,0.00,0.00,-0.15,2607.00,retail,0,0.0
R00162,receipts_images/R00162.png,receipts_text/R00162.txt,Patel Stores,V012,24AAHCP6677V1Z8,RCPT-2024-50813,2025-04-20,1508.13,37.71,37.70,0.00,0.00,0.46,1584.00,retail,0,0.0
R00163,receipts_images/R00163.png,receipts_text/R00163.txt,Hyderabad Biryani House,V009,36AADCH4567S1ZS,BILL-2024-21906,2025-03-21,1922.79,48.07,48.07,0.00,0.00,0.07,2019.00,restaurant,0,0.0
R00164,receipts_images/R00164.png,receipts_text/R00164.txt,Bengal Book Depot,V013,19AACCB3456W1ZT,INV-2024-86812,2025-07-25,379.46,34.15,34.15,0.00,0.00,0.24,448.00,retail,2,-2.43
R00165,receipts_images/R00165.png,receipts_text/R00165.txt,Annapurna Restaurant,V002,29AABCA1234M1ZQ,BILL-2024-46326,2025-02-13,3093.11,77.33,77.33,0.00,0.00,0.23,3248.00,restaurant,0,0.0
R00166,receipts_images/R00166.png,receipts_text/R00166.txt,Patel Stores,V012,24AAHCP6677V1Z8,INV-2025-50591,2025-02-15,5536.12,0.00,0.00,276.81,0.00,0.07,5813.00,retail,0,0.0
R00167,receipts_images/R00167.png,receipts_text/R00167.txt,Gujarat Enterprises,V011,24AABCG2244U1ZA,TI-2024-71730,2025-07-07,4593.35,413.40,413.40,0.00,0.00,-0.15,5420.00,b2b,0,0.0
R00168,receipts_images/R00168.png,receipts_text/R00168.txt,Shell Select Fuel Point,V017,29AAACS9911A1ZI,BILL-2024-75144,2025-08-07,2531.26,0.00,0.00,0.00,0.00,-0.26,2531.00,fuel,0,0.0
R00169,receipts_images/R00169.png,receipts_text/R00169.txt,Saravana Bhavan,V007,33AAECS7788N1ZJ,RCPT-2025-03791,2025-04-24,1207.01,30.18,30.17,0.00,0.00,-0.36,1267.00,restaurant,1,-1.18
R00170,receipts_images/R00170.png,receipts_text/R00170.txt,Annapurna Restaurant,V002,29AABCA1234M1ZQ,INV-2025-22268,2025-07-20,627.70,15.70,15.69,0.00,0.00,-0.09,659.00,restaurant,1,-1.06
R00171,receipts_images/R00171.png,receipts_text/R00171.txt,Annapurna Restaurant,V002,29AABCA1234M1ZQ,TI-2025-97815,2025-01-07,1067.73,26.70,26.69,0.00,0.00,-0.12,1121.00,restaurant,0,0.0
R00172,receipts_images/R00172.png,receipts_text/R00172.txt,Indian Oil Fuel Station,V008,33AAACI0123R1ZQ,BILL-2025-59040,2025-03-14,2906.40,0.00,0.00,0.00,0.00,-0.40,2906.00,fuel,0,0.0
R00173,receipts_images/R00173.png,receipts_text/R00173.txt,Saravana Bhavan,V007,33AAECS7788N1ZJ,TI-2024-06158,2025-03-22,540.52,13.52,13.51,0.00,0.00,0.45,568.00,restaurant,1,0.6
R00174,receipts_images/R00174.png,receipts_text/R00174.txt,Deccan Office Supplies,V010,36AAGCD8899T1Z8,TI-2024-43601,2025-05-11,3933.50,354.02,354.01,0.00,0.00,0.47,4642.00,b2b,2,1.33
R00175,receipts_images/R00175.png,receipts_text/R00175.txt,Ganga Departmental Store,V016,09AABCG5566Z1ZD,RCPT-2025-49894,2025-04-04,1257.85,31.45,31.44,0.00,0.00,0.26,1321.00,retail,0,0.0
R00176,receipts_images/R00176.png,receipts_text/R00176.txt,Saravana Bhavan,V007,33AAECS7788N1ZJ,TI-2025-73516,2025-01-09,290.76,7.27,7.27,0.00,0.00,-0.30,305.00,restaurant,0,0.0
R00177,receipts_images/R00177.png,receipts_text/R00177.txt,Patel Stores,V012,24AAHCP6677V1Z8,INV-2024-89668,2025-06-06,687.08,17.18,17.17,0.00,0.00,-0.43,721.00,retail,0,0.0
R00178,receipts_images/R00178.png,receipts_text/R00178.txt,Park Street Cafe,V014,19AAFCP7890X1ZW,INV-2025-08288,2025-06-30,1836.07,45.90,45.90,0.00,0.00,0.13,1928.00,restaurant,1,0.13
R00179,receipts_images/R00179.png,receipts_text/R00179.txt,Apollo Pharmacy Outlet,V020,33AAACA6677D1ZW,TI-2025-28139,2025-02-14,2246.49,134.79,134.79,0.00,0.00,-0.07,2516.00,retail,1,1.38
R00180,receipts_images/R00180.png,receipts_text/R00180.txt,Indian Oil Fuel Station,V008,33AAACI0123R1ZQ,RCPT-2025-35924,2025-05-01,3716.06,0.00,0.00,0.00,0.00,-0.06,3716.00,fuel,2,-1.32
R00181,receipts_images/R00181.png,receipts_text/R00181.txt,Saravana Bhavan,V007,33AAECS7788N1ZJ,RCPT-2024-42970,2025-01-26,523.91,13.10,13.10,0.00,0.00,-0.11,550.00,restaurant,1,-0.47
R00182,receipts_images/R00182.png,receipts_text/R00182.txt,Park Street Cafe,V014,19AAFCP7890X1ZW,BILL-2024-49733,2025-08-10,1272.98,31.83,31.82,0.00,0.00,0.37,1337.00,restaurant,1,-0.68
R00183,receipts_images/R00183.png,receipts_text/R00183.txt,Bengal Book Depot,V013,19AACCB3456W1ZT,INV-2024-20534,2025-07-01,1516.01,136.44,136.44,0.00,0.00,0.11,1789.00,retail,0,0.0
R00184,receipts_images/R00184.png,receipts_text/R00184.txt,Hotel Sunrise Residency,V005,07AACCH9012Q1Z8,TI-2025-31667,2025-02-14,7252.19,435.13,435.13,0.00,0.00,-0.45,8122.00,b2b,3,1.67
R00185,receipts_images/R00185.png,receipts_text/R00185.txt,Apollo Pharmacy Outlet,V020,33AAACA6677D1ZW,INV-2024-79918,2025-04-01,4978.68,0.00,0.00,597.44,0.00,-0.12,5576.00,retail,1,-1.13
R00186,receipts_images/R00186.png,receipts_text/R00186.txt,Shell Select Fuel Point,V017,29AAACS9911A1ZI,BILL-2025-12001,2025-04-02,6567.98,0.00,0.00,0.00,0.00,0.02,6568.00,fuel,2,-1.24
R00187,receipts_images/R00187.png,receipts_text/R00187.txt,Deccan Office Supplies,V010,36AAGCD8899T1Z8,BILL-2024-64447,2025-01-08,244.98,22.05,22.05,0.00,0.00,-0.08,289.00,b2b,2,1.49
R00188,receipts_images/R00188.png,receipts_text/R00188.txt,Sharma Traders Pvt Ltd,V001,29AAGCB7383J1Z4,TI-2025-36922,2025-06-09,1352.63,121.74,121.73,0.00,0.00,-0.10,1596.00,b2b,1,-0.7
R00189,receipts_images/R00189.png,receipts_text/R00189.txt,Apollo Pharmacy Outlet,V020,33AAACA6677D1ZW,BILL-2025-20670,2025-06-26,2312.63,138.76,138.76,0.00,0.00,-0.15,2590.00,retail,1,0.71
R00190,receipts_images/R00190.png,receipts_text/R00190.txt,Shell Select Fuel Point,V017,29AAACS9911A1ZI,TI-2024-71914,2025-02-25,2807.20,0.00,0.00,0.00,0.00,-0.20,2807.00,fuel,0,0.0
R00191,receipts_images/R00191.png,receipts_text/R00191.txt,Ganga Departmental Store,V016,09AABCG5566Z1ZD,RCPT-2024-40223,2025-04-06,892.16,0.00,0.00,44.61,0.00,0.23,937.00,retail,0,0.0
R00192,receipts_images/R00192.png,receipts_text/R00192.txt,Cafe Coffee Junction,V018,29AAECC2233B1Z7,TI-2025-56017,2025-06-21,945.86,23.65,23.64,0.00,0.00,-0.15,993.00,restaurant,3,0.81
R00193,receipts_images/R00193.png,receipts_text/R00193.txt,Kumar Medicals,V006,07AAFCK3321L1ZK,BILL-2025-57794,2025-05-21,1623.06,97.39,97.38,0.00,0.00,0.17,1818.00,retail,1,1.07
R00194,receipts_images/R00194.png,receipts_text/R00194.txt,Hyderabad Biryani House,V009,36AADCH4567S1ZS,INV-2024-02552,2025-07-20,1616.11,40.41,40.40,0.00,0.00,0.08,1697.00,restaurant,0,0.0
R00195,receipts_images/R00195.png,receipts_text/R00195.txt,Mumbai Print Solutions LLP,V019,27AAFCM4455C1ZM,BILL-2025-81908,2025-03-12,14950.03,1345.51,1345.50,0.00,0.00,-0.04,17641.00,b2b,3,-0.71
R00196,receipts_images/R00196.png,receipts_text/R00196.txt,Park Street Cafe,V014,19AAFCP7890X1ZW,BILL-2025-67887,2025-07-04,2245.81,0.00,0.00,112.29,0.00,-0.10,2358.00,restaurant,2,-0.43
R00197,receipts_images/R00197.png,receipts_text/R00197.txt,Apollo Pharmacy Outlet,V020,33AAACA6677D1ZW,RCPT-2024-91727,2025-01-09,1243.61,74.62,74.61,0.00,0.00,0.16,1393.00,retail,2,-1.4
R00198,receipts_images/R00198.png,receipts_text/R00198.txt,Park Street Cafe,V014,19AAFCP7890X1ZW,RCPT-2024-41715,2025-05-25,3402.97,85.08,85.07,0.00,0.00,-0.12,3573.00,restaurant,0,0.0
R00199,receipts_images/R00199.png,receipts_text/R00199.txt,Annapurna Restaurant,V002,29AABCA1234M1ZQ,TI-2025-68280,2025-06-22,1788.51,44.72,44.71,0.00,0.00,0.06,1878.00,restaurant,2,1.34
R00200,receipts_images/R00200.png,receipts_text/R00200.txt,Hyderabad Biryani House,V009,36AADCH4567S1ZS,RCPT-2025-13166,2025-04-25,929.22,23.23,23.23,0.00,0.00,0.32,976.00,restaurant,0,0.0
R00201,receipts_images/R00201.png,receipts_text/R00201.txt,Kumar Medicals,V006,07AAFCK3321L1ZK,INV-2025-41657,2025-06-18,297.56,17.86,17.85,0.00,0.00,-0.27,333.00,retail,0,0.0
R00202,receipts_images/R00202.png,receipts_text/R00202.txt,Indian Oil Fuel Station,V008,33AAACI0123R1ZQ,INV-2024-18523,2025-06-03,3030.79,0.00,0.00,0.00,0.00,0.21,3031.00,fuel,1,0.66
R00203,receipts_images/R00203.png,receipts_text/R00203.txt,Cafe Coffee Junction,V018,29AAECC2233B1Z7,BILL-2024-15715,2025-01-28,2408.89,0.00,0.00,120.44,0.00,-0.33,2529.00,restaurant,2,1.87
R00204,receipts_images/R00204.png,receipts_text/R00204.txt,Cafe Coffee Junction,V018,29AAECC2233B1Z7,TI-2024-38610,2025-08-04,1949.42,48.74,48.73,0.00,0.00,0.11,2047.00,restaurant,0,0.0
R00205,receipts_images/R00205.png,receipts_text/R00205.txt,Cafe Coffee Junction,V018,29AAECC2233B1Z7,RCPT-2024-39050,2025-04-21,1483.65,37.09,37.09,0.00,0.00,0.17,1558.00,restaurant,2,1.2
R00206,receipts_images/R00206.png,receipts_text/R00206.txt,Bengal Book Depot,V013,19AACCB3456W1ZT,RCPT-2024-40076,2025-07-11,1540.84,138.68,138.67,0.00,0.00,-0.19,1818.00,retail,0,0.0
R00207,receipts_images/R00207.png,receipts_text/R00207.txt,Hyderabad Biryani House,V009,36AADCH4567S1ZS,INV-2025-68366,2025-06-08,1584.40,39.61,39.61,0.00,0.00,0.38,1664.00,restaurant,0,0.0
R00208,receipts_images/R00208.png,receipts_text/R00208.txt,Ganga Departmental Store,V016,09AABCG5566Z1ZD,INV-2025-44035,2025-03-24,1387.64,34.69,34.69,0.00,0.00,-0.02,1457.00,retail,2,0.55
R00209,receipts_images/R00209.png,receipts_text/R00209.txt,Annapurna Restaurant,V002,29AABCA1234M1ZQ,BILL-2025-78403,2025-01-14,2165.22,54.13,54.13,0.00,0.00,-0.48,2273.00,restaurant,2,0.3
R00210,receipts_images/R00210.png,receipts_text/R00210.txt,Indian Oil Fuel Station,V008,33AAACI0123R1ZQ,RCPT-2024-37866,2025-07-12,5694.85,0.00,0.00,0.00,0.00,0.15,5695.00,fuel,0,0.0
R00211,receipts_images/R00211.png,receipts_text/R00211.txt,Bengal Book Depot,V013,19AACCB3456W1ZT,INV-2025-04168,2025-01-30,3483.62,313.53,313.52,0.00,0.00,0.33,4111.00,retail,0,0.0
R00212,receipts_images/R00212.png,receipts_text/R00212.txt,Saravana Bhavan,V007,33AAECS7788N1ZJ,BILL-2024-93601,2025-07-08,1573.95,39.35,39.35,0.00,0.00,0.35,1653.00,restaurant,3,2.74
R00213,receipts_images/R00213.png,receipts_text/R00213.txt,Sharma Traders Pvt Ltd,V001,29AAGCB7383J1Z4,TI-2024-01234,2025-05-04,2129.40,191.65,191.64,0.00,0.00,0.31,2513.00,b2b,2,-0.09
R00214,receipts_images/R00214.png,receipts_text/R00214.txt,Gujarat Enterprises,V011,24AABCG2244U1ZA,TI-2024-36654,2025-07-12,3307.96,297.72,297.71,0.00,0.00,-0.39,3903.00,b2b,1,-0.02
R00215,receipts_images/R00215.png,receipts_text/R00215.txt,Mumbai Print Solutions LLP,V019,27AAFCM4455C1ZM,INV-2025-35924,2025-02-22,13269.97,1194.30,1194.29,0.00,0.00,0.44,15659.00,b2b,2,-0.21
R00216,receipts_images/R00216.png,receipts_text/R00216.txt,Apollo Pharmacy Outlet,V020,33AAACA6677D1ZW,INV-2024-68692,2025-07-22,1131.86,67.91,67.91,0.00,0.00,0.32,1268.00,retail,0,0.0
R00217,receipts_images/R00217.png,receipts_text/R00217.txt,Patel Stores,V012,24AAHCP6677V1Z8,INV-2024-36610,2025-09-01,1906.55,47.67,47.66,0.00,0.00,0.12,2002.00,retail,0,0.0
R00218,receipts_images/R00218.png,receipts_text/R00218.txt,Patel Stores,V012,24AAHCP6677V1Z8,BILL-2025-40739,2025-01-13,1196.52,29.92,29.91,0.00,0.00,-0.35,1256.00,retail,3,1.2
R00219,receipts_images/R00219.png,receipts_text/R00219.txt,Bengal Book Depot,V013,19AACCB3456W1ZT,TI-2024-80637,2025-07-10,1362.06,0.00,0.00,245.17,0.00,-0.23,1607.00,retail,1,-0.59
R00220,receipts_images/R00220.png,receipts_text/R00220.txt,Annapurna Restaurant,V002,29AABCA1234M1ZQ,INV-2024-81364,2025-08-29,1287.11,32.18,32.18,0.00,0.00,-0.47,1351.00,restaurant,0,0.0
R00221,receipts_images/R00221.png,receipts_text/R00221.txt,Apollo Pharmacy Outlet,V020,33AAACA6677D1ZW,RCPT-2024-26831,2025-04-13,2438.94,146.34,146.33,0.00,0.00,0.39,2732.00,retail,2,1.46
R00222,receipts_images/R00222.png,receipts_text/R00222.txt,Deccan Office Supplies,V010,36AAGCD8899T1Z8,BILL-2025-41726,2025-06-08,2665.80,239.92,239.92,0.00,0.00,0.36,3146.00,b2b,1,-0.19
R00223,receipts_images/R00223.png,receipts_text/R00223.txt,Reliance Fresh Supermarket,V004,27AAACR5055K1Z7,INV-2024-77513,2025-03-11,289.59,7.24,7.24,0.00,0.00,-0.07,304.00,retail,3,0.52
R00224,receipts_images/R00224.png,receipts_text/R00224.txt,Annapurna Restaurant,V002,29AABCA1234M1ZQ,INV-2024-48369,2025-06-18,2958.17,73.96,73.95,0.00,0.00,-0.08,3106.00,restaurant,0,0.0
R00225,receipts_images/R00225.png,receipts_text/R00225.txt,Annapurna Restaurant,V002,29AABCA1234M1ZQ,RCPT-2024-46743,2025-07-01,2032.03,50.80,50.80,0.00,0.00,0.37,2134.00,restaurant,0,0.0
R00226,receipts_images/R00226.png,receipts_text/R00226.txt,Cafe Coffee Junction,V018,29AAECC2233B1Z7,RCPT-2025-18131,2025-02-20,2029.37,50.74,50.73,0.00,0.00,0.16,2131.00,restaurant,0,0.0
R00227,receipts_images/R00227.png,receipts_text/R00227.txt,Saravana Bhavan,V007,33AAECS7788N1ZJ,TI-2024-71328,2025-02-12,1762.01,44.05,44.05,0.00,0.00,-0.11,1850.00,restaurant,0,0.0
R00228,receipts_images/R00228.png,receipts_text/R00228.txt,Shell Select Fuel Point,V017,29AAACS9911A1ZI,RCPT-2025-02572,2025-06-03,3732.69,0.00,0.00,0.00,0.00,0.31,3733.00,fuel,0,0.0
R00229,receipts_images/R00229.png,receipts_text/R00229.txt,Indian Oil Fuel Station,V008,33AAACI0123R1ZQ,TI-2024-91517,2025-02-22,7456.54,0.00,0.00,0.00,0.00,0.46,7457.00,fuel,0,0.0
R00230,receipts_images/R00230.png,receipts_text/R00230.txt,Hyderabad Biryani House,V009,36AADCH4567S1ZS,BILL-2025-53093,2025-01-28,1192.55,0.00,0.00,59.63,0.00,-0.18,1252.00,restaurant,0,0.0
R00231,receipts_images/R00231.png,receipts_text/R00231.txt,Cafe Coffee Junction,V018,29AAECC2233B1Z7,BILL-2024-00781,2025-06-25,818.96,20.48,20.47,0.00,0.00,0.09,860.00,restaurant,2,-2.38
R00232,receipts_images/R00232.png,receipts_text/R00232.txt,Park Street Cafe,V014,19AAFCP7890X1ZW,TI-2025-86142,2025-06-01,2368.15,0.00,0.00,118.41,0.00,0.44,2487.00,restaurant,2,-1.66
R00233,receipts_images/R00233.png,receipts_text/R00233.txt,Kumar Medicals,V006,07AAFCK3321L1ZK,BILL-2024-43368,2025-05-17,2138.98,128.34,128.34,0.00,0.00,0.34,2396.00,retail,1,1.49
R00234,receipts_images/R00234.png,receipts_text/R00234.txt,Bengal Book Depot,V013,19AACCB3456W1ZT,INV-2024-30956,2025-01-13,5784.71,0.00,0.00,1041.25,0.00,0.04,6826.00,retail,0,0.0
R00235,receipts_images/R00235.png,receipts_text/R00235.txt,Gujarat Enterprises,V011,24AABCG2244U1ZA,BILL-2025-09921,2025-09-02,7900.80,711.07,711.07,0.00,0.00,0.06,9323.00,b2b,1,1.13
R00236,receipts_images/R00236.png,receipts_text/R00236.txt,Deccan Office Supplies,V010,36AAGCD8899T1Z8,INV-2025-71903,2025-07-23,348.18,31.34,31.33,0.00,0.00,0.15,411.00,b2b,3,-0.34
R00237,receipts_images/R00237.png,receipts_text/R00237.txt,Mumbai Print Solutions LLP,V019,27AAFCM4455C1ZM,BILL-2024-84280,2025-01-14,15233.14,1370.99,1370.98,0.00,0.00,-0.11,17975.00,b2b,3,-1.44
R00238,receipts_images/R00238.png,receipts_text/R00238.txt,Bharat Petroleum Outlet,V003,27AAACB1111P1ZW,RCPT-2024-87809,2025-03-26,6170.00,0.00,0.00,0.00,0.00,0.00,6170.00,fuel,2,0.58
R00239,receipts_images/R00239.png,receipts_text/R00239.txt,Deccan Office Supplies,V010,36AAGCD8899T1Z8,INV-2025-67485,2025-04-17,5341.64,480.75,480.75,0.00,0.00,-0.14,6303.00,b2b,0,0.0
R00240,receipts_images/R00240.png,receipts_text/R00240.txt,Apollo Pharmacy Outlet,V020,33AAACA6677D1ZW,INV-2024-30382,2025-03-29,297.95,0.00,0.00,35.75,0.00,0.30,334.00,retail,0,0.0
R00241,receipts_images/R00241.png,receipts_text/R00241.txt,Patel Stores,V012,24AAHCP6677V1Z8,BILL-2024-78710,2025-06-24,4881.99,122.05,122.05,0.00,0.00,-0.09,5126.00,retail,1,0.85
R00242,receipts_images/R00242.png,receipts_text/R00242.txt,Saravana Bhavan,V007,33AAECS7788N1ZJ,BILL-2024-22143,2025-03-25,3396.25,84.91,84.90,0.00,0.00,-0.06,3566.00,restaurant,2,-0.13
R00243,receipts_images/R00243.png,receipts_text/R00243.txt,Sharma Traders Pvt Ltd,V001,29AAGCB7383J1Z4,TI-2025-78623,2025-05-29,419.82,37.79,37.78,0.00,0.00,-0.39,495.00,b2b,1,0.44
R00244,receipts_images/R00244.png,receipts_text/R00244.txt,Indian Oil Fuel Station,V008,33AAACI0123R1ZQ,INV-2025-11646,2025-04-20,4864.16,0.00,0.00,0.00,0.00,-0.16,4864.00,fuel,0,0.0
R00245,receipts_images/R00245.png,receipts_text/R00245.txt,Kumar Medicals,V006,07AAFCK3321L1ZK,TI-2024-00528,2025-05-02,1628.64,97.72,97.72,0.00,0.00,-0.08,1824.00,retail,1,0.92
R00246,receipts_images/R00246.png,receipts_text/R00246.txt,Annapurna Restaurant,V002,29AABCA1234M1ZQ,BILL-2025-76081,2025-03-28,1263.44,31.59,31.58,0.00,0.00,0.39,1327.00,restaurant,1,-1.25
R00247,receipts_images/R00247.png,receipts_text/R00247.txt,Ganga Departmental Store,V016,09AABCG5566Z1ZD,INV-2024-34465,2025-04-18,1803.78,45.10,45.09,0.00,0.00,0.03,1894.00,retail,0,0.0
R00248,receipts_images/R00248.png,receipts_text/R00248.txt,Cafe Coffee Junction,V018,29AAECC2233B1Z7,BILL-2025-66915,2025-08-31,2629.03,65.73,65.72,0.00,0.00,-0.48,2760.00,restaurant,2,1.08
R00249,receipts_images/R00249.png,receipts_text/R00249.txt,Reliance Fresh Supermarket,V004,27AAACR5055K1Z7,INV-2024-19284,2025-02-23,2101.52,0.00,0.00,105.08,0.00,0.40,2207.00,retail,1,0.72
R00250,receipts_images/R00250.png,receipts_text/R00250.txt,Patel Stores,V012,24AAHCP6677V1Z8,TI-2024-25025,2025-03-06,1104.78,27.62,27.62,0.00,0.00,-0.02,1160.00,retail,0,0.0
R00251,receipts_images/R00251.png,receipts_text/R00251.txt,Lucknow Travels Agencies,V015,09AAGCL1122Y1ZT,INV-2024-11105,2025-02-02,5424.42,0.00,0.00,271.22,0.00,0.36,5696.00,b2b,0,0.0
R00252,receipts_images/R00252.png,receipts_text/R00252.txt,Bharat Petroleum Outlet,V003,27AAACB1111P1ZW,INV-2025-22934,2025-01-10,1772.40,0.00,0.00,0.00,0.00,-0.40,1772.00,fuel,2,-1.59
R00253,receipts_images/R00253.png,receipts_text/R00253.txt,Kumar Medicals,V006,07AAFCK3321L1ZK,RCPT-2024-69235,2025-04-22,2786.96,167.22,167.22,0.00,0.00,-0.40,3121.00,retail,0,0.0
R00254,receipts_images/R00254.png,receipts_text/R00254.txt,Cafe Coffee Junction,V018,29AAECC2233B1Z7,TI-2024-63964,2025-07-16,2354.41,0.00,0.00,117.72,0.00,-0.13,2472.00,restaurant,1,-1.49
R00255,receipts_images/R00255.png,receipts_text/R00255.txt,Park Street Cafe,V014,19AAFCP7890X1ZW,BILL-2025-39404,2025-02-02,801.97,20.05,20.05,0.00,0.00,-0.07,842.00,restaurant,0,0.0
R00256,receipts_images/R00256.png,receipts_text/R00256.txt,Apollo Pharmacy Outlet,V020,33AAACA6677D1ZW,INV-2024-99467,2025-01-30,756.59,45.40,45.39,0.00,0.00,-0.38,847.00,retail,2,-2.51
R00257,receipts_images/R00257.png,receipts_text/R00257.txt,Lucknow Travels Agencies,V015,09AAGCL1122Y1ZT,TI-2024-53802,2025-03-15,2898.39,72.46,72.46,0.00,0.00,-0.31,3043.00,b2b,1,0.09
R00258,receipts_images/R00258.png,receipts_text/R00258.txt,Park Street Cafe,V014,19AAFCP7890X1ZW,INV-2024-45846,2025-06-03,1106.58,27.67,27.66,0.00,0.00,0.09,1162.00,restaurant,1,-1.16
R00259,receipts_images/R00259.png,receipts_text/R00259.txt,Indian Oil Fuel Station,V008,33AAACI0123R1ZQ,BILL-2025-25555,2025-02-23,532.14,0.00,0.00,0.00,0.00,-0.14,532.00,fuel,1,0.84
R00260,receipts_images/R00260.png,receipts_text/R00260.txt,Park Street Cafe,V014,19AAFCP7890X1ZW,INV-2025-23412,2025-06-15,2436.56,60.92,60.91,0.00,0.00,-0.39,2558.00,restaurant,3,-1.92
R00261,receipts_images/R00261.png,receipts_text/R00261.txt,Apollo Pharmacy Outlet,V020,33AAACA6677D1ZW,RCPT-2024-00767,2025-02-08,1066.44,63.99,63.98,0.00,0.00,-0.41,1194.00,retail,0,0.0
R00262,receipts_images/R00262.png,receipts_text/R00262.txt,Gujarat Enterprises,V011,24AABCG2244U1ZA,TI-2024-42946,2025-06-16,4917.84,442.61,442.60,0.00,0.00,-0.05,5803.00,b2b,2,1.86
R00263,receipts_images/R00263.png,receipts_text/R00263.txt,Cafe Coffee Junction,V018,29AAECC2233B1Z7,TI-2024-96314,2025-03-14,2292.81,57.32,57.32,0.00,0.00,-0.45,2407.00,restaurant,0,0.0
R00264,receipts_images/R00264.png,receipts_text/R00264.txt,Saravana Bhavan,V007,33AAECS7788N1ZJ,INV-2024-62954,2025-02-23,186.06,4.65,4.65,0.00,0.00,-0.36,195.00,restaurant,2,0.08
R00265,receipts_images/R00265.png,receipts_text/R00265.txt,Saravana Bhavan,V007,33AAECS7788N1ZJ,TI-2025-18978,2025-07-09,2958.36,73.96,73.96,0.00,0.00,-0.28,3106.00,restaurant,0,0.0
R00266,receipts_images/R00266.png,receipts_text/R00266.txt,Indian Oil Fuel Station,V008,33AAACI0123R1ZQ,TI-2024-68742,2025-06-05,3793.78,0.00,0.00,0.00,0.00,0.22,3794.00,fuel,0,0.0
R00267,receipts_images/R00267.png,receipts_text/R00267.txt,Park Street Cafe,V014,19AAFCP7890X1ZW,BILL-2024-21064,2025-07-16,1620.57,0.00,0.00,81.03,0.00,0.40,1702.00,restaurant,1,-0.75
R00268,receipts_images/R00268.png,receipts_text/R00268.txt,Hotel Sunrise Residency,V005,07AACCH9012Q1Z8,INV-2025-30589,2025-06-08,17429.50,1045.77,1045.77,0.00,0.00,-0.04,19521.00,b2b,0,0.0
R00269,receipts_images/R00269.png,receipts_text/R00269.txt,Bharat Petroleum Outlet,V003,27AAACB1111P1ZW,INV-2025-57683,2025-04-06,3163.20,0.00,0.00,0.00,0.00,-0.20,3163.00,fuel,0,0.0
R00270,receipts_images/R00270.png,receipts_text/R00270.txt,Hotel Sunrise Residency,V005,07AACCH9012Q1Z8,RCPT-2024-74987,2025-08-01,12865.97,0.00,0.00,1543.92,0.00,0.11,14410.00,b2b,2,1.58
R00271,receipts_images/R00271.png,receipts_text/R00271.txt,Kumar Medicals,V006,07AAFCK3321L1ZK,RCPT-2024-59481,2025-01-29,1669.56,100.18,100.17,0.00,0.00,0.09,1870.00,retail,2,-0.31
R00272,receipts_images/R00272.png,receipts_text/R00272.txt,Hyderabad Biryani House,V009,36AADCH4567S1ZS,BILL-2025-44472,2025-03-02,192.36,4.81,4.81,0.00,0.00,0.02,202.00,restaurant,0,0.0
R00273,receipts_images/R00273.png,receipts_text/R00273.txt,Park Street Cafe,V014,19AAFCP7890X1ZW,BILL-2025-76687,2025-04-22,1535.34,38.39,38.38,0.00,0.00,-0.11,1612.00,restaurant,1,-1.16
R00274,receipts_images/R00274.png,receipts_text/R00274.txt,Lucknow Travels Agencies,V015,09AAGCL1122Y1ZT,BILL-2024-45101,2025-04-21,7861.08,196.53,196.52,0.00,0.00,-0.13,8254.00,b2b,0,0.0
R00275,receipts_images/R00275.png,receipts_text/R00275.txt,Park Street Cafe,V014,19AAFCP7890X1ZW,INV-2024-27050,2025-01-13,2430.40,60.76,60.76,0.00,0.00,0.08,2552.00,restaurant,0,0.0
R00276,receipts_images/R00276.png,receipts_text/R00276.txt,Patel Stores,V012,24AAHCP6677V1Z8,RCPT-2024-93496,2025-02-18,3461.62,86.54,86.54,0.00,0.00,0.30,3635.00,retail,0,0.0
R00277,receipts_images/R00277.png,receipts_text/R00277.txt,Annapurna Restaurant,V002,29AABCA1234M1ZQ,RCPT-2025-78588,2025-08-14,591.56,14.79,14.79,0.00,0.00,-0.14,621.00,restaurant,1,0.82
R00278,receipts_images/R00278.png,receipts_text/R00278.txt,Park Street Cafe,V014,19AAFCP7890X1ZW,RCPT-2024-82132,2025-01-19,3352.81,83.82,83.82,0.00,0.00,-0.45,3520.00,restaurant,0,0.0
R00279,receipts_images/R00279.png,receipts_text/R00279.txt,Apollo Pharmacy Outlet,V020,33AAACA6677D1ZW,BILL-2025-51354,2025-05-06,1515.46,90.93,90.93,0.00,0.00,-0.32,1697.00,retail,0,0.0
R00280,receipts_images/R00280.png,receipts_text/R00280.txt,Gujarat Enterprises,V011,24AABCG2244U1ZA,TI-2025-65741,2025-06-26,6477.76,583.00,583.00,0.00,0.00,0.24,7644.00,b2b,0,0.0
R00281,receipts_images/R00281.png,receipts_text/R00281.txt,Lucknow Travels Agencies,V015,09AAGCL1122Y1ZT,RCPT-2024-44624,2025-05-20,18834.43,470.86,470.86,0.00,0.00,-0.15,19776.00,b2b,0,0.0
R00282,receipts_images/R00282.png,receipts_text/R00282.txt,Bengal Book Depot,V013,19AACCB3456W1ZT,INV-2024-74075,2025-01-20,2907.69,261.69,261.69,0.00,0.00,-0.07,3431.00,retail,2,-0.25
R00283,receipts_images/R00283.png,receipts_text/R00283.txt,Reliance Fresh Supermarket,V004,27AAACR5055K1Z7,TI-2025-39135,2025-01-14,365.45,0.00,0.00,18.27,0.00,0.28,384.00,retail,3,1.81
R00284,receipts_images/R00284.png,receipts_text/R00284.txt,Deccan Office Supplies,V010,36AAGCD8899T1Z8,TI-2024-81378,2025-01-20,500.18,45.02,45.01,0.00,0.00,-0.21,590.00,b2b,0,0.0
R00285,receipts_images/R00285.png,receipts_text/R00285.txt,Sharma Traders Pvt Ltd,V001,29AAGCB7383J1Z4,RCPT-2025-38268,2025-06-18,1101.45,99.13,99.13,0.00,0.00,0.29,1300.00,b2b,2,2.39
R00286,receipts_images/R00286.png,receipts_text/R00286.txt,Annapurna Restaurant,V002,29AABCA1234M1ZQ,BILL-2025-51397,2025-05-13,1457.65,36.44,36.44,0.00,0.00,0.47,1531.00,restaurant,1,0.55
R00287,receipts_images/R00287.png,receipts_text/R00287.txt,Reliance Fresh Supermarket,V004,27AAACR5055K1Z7,INV-2025-82400,2025-07-13,1441.16,36.03,36.03,0.00,0.00,-0.22,1513.00,retail,2,-1.23
R00288,receipts_images/R00288.png,receipts_text/R00288.txt,Gujarat Enterprises,V011,24AABCG2244U1ZA,BILL-2025-77265,2025-07-20,5883.15,529.49,529.48,0.00,0.00,-0.12,6942.00,b2b,1,-0.16
R00289,receipts_images/R00289.png,receipts_text/R00289.txt,Park Street Cafe,V014,19AAFCP7890X1ZW,TI-2024-44565,2025-03-24,1854.69,0.00,0.00,92.73,0.00,-0.42,1947.00,restaurant,3,0.13
R00290,receipts_images/R00290.png,receipts_text/R00290.txt,Deccan Office Supplies,V010,36AAGCD8899T1Z8,TI-2024-54755,2025-07-06,4159.09,0.00,0.00,748.64,0.00,0.27,4908.00,b2b,0,0.0
R00291,receipts_images/R00291.png,receipts_text/R00291.txt,Lucknow Travels Agencies,V015,09AAGCL1122Y1ZT,BILL-2025-42772,2025-01-19,29949.39,748.74,748.73,0.00,0.00,0.14,31447.00,b2b,0,0.0
R00292,receipts_images/R00292.png,receipts_text/R00292.txt,Mumbai Print Solutions LLP,V019,27AAFCM4455C1ZM,BILL-2025-01179,2025-07-28,30235.32,0.00,0.00,5442.36,0.00,0.32,35678.00,b2b,0,0.0
R00293,receipts_images/R00293.png,receipts_text/R00293.txt,Kumar Medicals,V006,07AAFCK3321L1ZK,INV-2024-23569,2025-07-27,1177.08,70.63,70.62,0.00,0.00,-0.33,1318.00,retail,0,0.0
R00294,receipts_images/R00294.png,receipts_text/R00294.txt,Bengal Book Depot,V013,19AACCB3456W1ZT,INV-2025-58337,2025-06-18,6871.46,0.00,0.00,1236.86,0.00,-0.32,8108.00,retail,0,0.0
R00295,receipts_images/R00295.png,receipts_text/R00295.txt,Lucknow Travels Agencies,V015,09AAGCL1122Y1ZT,RCPT-2024-70548,2025-05-20,12176.82,0.00,0.00,608.84,0.00,0.34,12786.00,b2b,0,0.0
R00296,receipts_images/R00296.png,receipts_text/R00296.txt,Shell Select Fuel Point,V017,29AAACS9911A1ZI,BILL-2024-16693,2025-02-26,1536.64,0.00,0.00,0.00,0.00,0.36,1537.00,fuel,1,0.63
R00297,receipts_images/R00297.png,receipts_text/R00297.txt,Gujarat Enterprises,V011,24AABCG2244U1ZA,BILL-2024-20515,2025-05-10,7333.15,0.00,0.00,1319.97,0.00,-0.12,8653.00,b2b,2,0.87
R00298,receipts_images/R00298.png,receipts_text/R00298.txt,Indian Oil Fuel Station,V008,33AAACI0123R1ZQ,RCPT-2024-91018,2025-05-13,2757.30,0.00,0.00,0.00,0.00,-0.30,2757.00,fuel,1,0.28
R00299,receipts_images/R00299.png,receipts_text/R00299.txt,Indian Oil Fuel Station,V008,33AAACI0123R1ZQ,INV-2025-75447,2025-04-25,1075.91,0.00,0.00,0.00,0.00,0.09,1076.00,fuel,0,0.0
R00300,receipts_images/R00300.png,receipts_text/R00300.txt,Bharat Petroleum Outlet,V003,27AAACB1111P1ZW,TI-2024-91768,2025-08-01,3122.70,0.00,0.00,0.00,0.00,0.30,3123.00,fuel,1,0.88
R00301,receipts_images/R00301.png,receipts_text/R00301.txt,Kumar Medicals,V006,07AAFCK3321L1ZK,RCPT-2025-46459,2025-01-25,537.41,32.25,32.24,0.00,0.00,0.10,602.00,retail,3,-0.54
R00302,receipts_images/R00302.png,receipts_text/R00302.txt,Saravana Bhavan,V007,33AAECS7788N1ZJ,RCPT-2025-49169,2025-04-05,2760.01,69.00,69.00,0.00,0.00,-0.01,2898.00,restaurant,0,0.0
R00303,receipts_images/R00303.png,receipts_text/R00303.txt,Kumar Medicals,V006,07AAFCK3321L1ZK,RCPT-2024-17179,2025-03-30,1450.43,0.00,0.00,174.05,0.00,-0.48,1624.00,retail,1,-0.06
R00304,receipts_images/R00304.png,receipts_text/R00304.txt,Deccan Office Supplies,V010,36AAGCD8899T1Z8,TI-2025-27219,2025-06-01,2861.30,257.52,257.51,0.00,0.00,-0.33,3376.00,b2b,0,0.0
R00305,receipts_images/R00305.png,receipts_text/R00305.txt,Hotel Sunrise Residency,V005,07AACCH9012Q1Z8,RCPT-2024-27404,2025-01-15,38413.25,2304.80,2304.79,0.00,0.00,0.16,43023.00,b2b,2,-0.82
R00306,receipts_images/R00306.png,receipts_text/R00306.txt,Cafe Coffee Junction,V018,29AAECC2233B1Z7,INV-2024-35556,2025-05-15,1652.35,41.31,41.31,0.00,0.00,0.03,1735.00,restaurant,0,0.0
R00307,receipts_images/R00307.png,receipts_text/R00307.txt,Kumar Medicals,V006,07AAFCK3321L1ZK,BILL-2024-09436,2025-03-30,3747.72,224.87,224.86,0.00,0.00,-0.45,4197.00,retail,0,0.0
R00308,receipts_images/R00308.png,receipts_text/R00308.txt,Saravana Bhavan,V007,33AAECS7788N1ZJ,INV-2025-99090,2025-03-06,1775.63,0.00,0.00,88.78,0.00,-0.41,1864.00,restaurant,0,0.0
R00309,receipts_images/R00309.png,receipts_text/R00309.txt,Hotel Sunrise Residency,V005,07AACCH9012Q1Z8,BILL-2024-42552,2025-02-04,39977.97,2398.68,2398.68,0.00,0.00,-0.33,44775.00,b2b,2,0.38
R00310,receipts_images/R00310.png,receipts_text/R00310.txt,Park Street Cafe,V014,19AAFCP7890X1ZW,INV-2025-50466,2025-04-27,1627.96,40.70,40.70,0.00,0.00,-0.36,1709.00,restaurant,1,0.19
R00311,receipts_images/R00311.png,receipts_text/R00311.txt,Kumar Medicals,V006,07AAFCK3321L1ZK,TI-2024-46244,2025-07-02,1064.06,63.85,63.84,0.00,0.00,0.25,1192.00,retail,0,0.0
R00312,receipts_images/R00312.png,receipts_text/R00312.txt,Deccan Office Supplies,V010,36AAGCD8899T1Z8,TI-2025-72902,2025-04-04,1121.80,0.00,0.00,201.92,0.00,0.28,1324.00,b2b,1,-0.7
R00313,receipts_images/R00313.png,receipts_text/R00313.txt,Bharat Petroleum Outlet,V003,27AAACB1111P1ZW,TI-2024-57812,2025-03-25,535.98,0.00,0.00,0.00,0.00,0.02,536.00,fuel,0,0.0
R00314,receipts_images/R00314.png,receipts_text/R00314.txt,Bengal Book Depot,V013,19AACCB3456W1ZT,RCPT-2025-82649,2025-06-26,2024.66,0.00,0.00,364.44,0.00,-0.10,2389.00,retail,1,-0.55
R00315,receipts_images/R00315.png,receipts_text/R00315.txt,Cafe Coffee Junction,V018,29AAECC2233B1Z7,BILL-2025-54099,2025-01-19,3043.20,76.08,76.08,0.00,0.00,-0.36,3195.00,restaurant,0,0.0
R00316,receipts_images/R00316.png,receipts_text/R00316.txt,Hyderabad Biryani House,V009,36AADCH4567S1ZS,INV-2025-57344,2025-01-20,1851.82,46.30,46.29,0.00,0.00,-0.41,1944.00,restaurant,1,-0.74
R00317,receipts_images/R00317.png,receipts_text/R00317.txt,Ganga Departmental Store,V016,09AABCG5566Z1ZD,TI-2025-79007,2025-03-27,4294.09,107.35,107.35,0.00,0.00,0.21,4509.00,retail,0,0.0
R00318,receipts_images/R00318.png,receipts_text/R00318.txt,Reliance Fresh Supermarket,V004,27AAACR5055K1Z7,RCPT-2024-68093,2025-06-25,1850.16,46.26,46.25,0.00,0.00,0.33,1943.00,retail,3,0.44
R00319,receipts_images/R00319.png,receipts_text/R00319.txt,Reliance Fresh Supermarket,V004,27AAACR5055K1Z7,BILL-2025-32988,2025-02-23,4590.99,114.78,114.77,0.00,0.00,0.46,4821.00,retail,0,0.0
R00320,receipts_images/R00320.png,receipts_text/R00320.txt,Saravana Bhavan,V007,33AAECS7788N1ZJ,INV-2025-13357,2025-05-11,815.25,20.38,20.38,0.00,0.00,-0.01,856.00,restaurant,1,-0.62
R00321,receipts_images/R00321.png,receipts_text/R00321.txt,Gujarat Enterprises,V011,24AABCG2244U1ZA,INV-2025-29151,2025-04-02,6664.89,599.84,599.84,0.00,0.00,0.43,7865.00,b2b,0,0.0
R00322,receipts_images/R00322.png,receipts_text/R00322.txt,Reliance Fresh Supermarket,V004,27AAACR5055K1Z7,RCPT-2025-11158,2025-04-10,826.90,20.68,20.67,0.00,0.00,-0.25,868.00,retail,2,-2.02
R00323,receipts_images/R00323.png,receipts_text/R00323.txt,Park Street Cafe,V014,19AAFCP7890X1ZW,RCPT-2024-14457,2025-06-14,1035.66,25.89,25.89,0.00,0.00,-0.44,1087.00,restaurant,0,0.0
R00324,receipts_images/R00324.png,receipts_text/R00324.txt,Patel Stores,V012,24AAHCP6677V1Z8,TI-2024-72255,2025-01-15,3458.24,86.46,86.45,0.00,0.00,-0.15,3631.00,retail,2,1.56
R00325,receipts_images/R00325.png,receipts_text/R00325.txt,Annapurna Restaurant,V002,29AABCA1234M1ZQ,BILL-2024-66173,2025-04-27,2146.10,53.66,53.65,0.00,0.00,-0.41,2253.00,restaurant,1,1.42
R00326,receipts_images/R00326.png,receipts_text/R00326.txt,Ganga Departmental Store,V016,09AABCG5566Z1ZD,RCPT-2025-30462,2025-04-21,2702.88,0.00,0.00,135.14,0.00,-0.02,2838.00,retail,0,0.0
R00327,receipts_images/R00327.png,receipts_text/R00327.txt,Mumbai Print Solutions LLP,V019,27AAFCM4455C1ZM,RCPT-2025-94195,2025-01-07,9267.01,834.03,834.03,0.00,0.00,-0.07,10935.00,b2b,3,1.85
R00328,receipts_images/R00328.png,receipts_text/R00328.txt,Mumbai Print Solutions LLP,V019,27AAFCM4455C1ZM,BILL-2024-79299,2025-03-25,19480.93,1753.29,1753.28,0.00,0.00,0.50,22988.00,b2b,0,0.0
R00329,receipts_images/R00329.png,receipts_text/R00329.txt,Park Street Cafe,V014,19AAFCP7890X1ZW,TI-2024-54939,2025-04-05,662.36,16.56,16.56,0.00,0.00,-0.48,695.00,restaurant,0,0.0
R00330,receipts_images/R00330.png,receipts_text/R00330.txt,Deccan Office Supplies,V010,36AAGCD8899T1Z8,RCPT-2024-69187,2025-07-23,2791.03,251.20,251.19,0.00,0.00,-0.42,3293.00,b2b,0,0.0
R00331,receipts_images/R00331.png,receipts_text/R00331.txt,Cafe Coffee Junction,V018,29AAECC2233B1Z7,TI-2025-62550,2025-08-15,1435.04,0.00,0.00,71.75,0.00,0.21,1507.00,restaurant,1,-0.63
R00332,receipts_images/R00332.png,receipts_text/R00332.txt,Patel Stores,V012,24AAHCP6677V1Z8,RCPT-2024-86708,2025-05-22,1265.82,0.00,0.00,63.29,0.00,-0.11,1329.00,retail,2,-0.85
R00333,receipts_images/R00333.png,receipts_text/R00333.txt,Ganga Departmental Store,V016,09AABCG5566Z1ZD,RCPT-2024-58240,2025-02-27,3372.46,84.31,84.31,0.00,0.00,-0.08,3541.00,retail,1,-0.36
R00334,receipts_images/R00334.png,receipts_text/R00334.txt,Reliance Fresh Supermarket,V004,27AAACR5055K1Z7,BILL-2025-52551,2025-05-05,2260.83,56.52,56.52,0.00,0.00,0.13,2374.00,retail,1,1.32
R00335,receipts_images/R00335.png,receipts_text/R00335.txt,Annapurna Restaurant,V002,29AABCA1234M1ZQ,RCPT-2024-97001,2025-05-09,2529.09,63.23,63.22,0.00,0.00,0.46,2656.00,restaurant,2,1.2
R00336,receipts_images/R00336.png,receipts_text/R00336.txt,Indian Oil Fuel Station,V008,33AAACI0123R1ZQ,INV-2025-50244,2025-03-28,5377.44,0.00,0.00,0.00,0.00,-0.44,5377.00,fuel,0,0.0
R00337,receipts_images/R00337.png,receipts_text/R00337.txt,Indian Oil Fuel Station,V008,33AAACI0123R1ZQ,INV-2024-16740,2025-08-15,4277.05,0.00,0.00,0.00,0.00,-0.05,4277.00,fuel,3,-0.28
R00338,receipts_images/R00338.png,receipts_text/R00338.txt,Shell Select Fuel Point,V017,29AAACS9911A1ZI,INV-2024-17056,2025-04-18,3152.82,0.00,0.00,0.00,0.00,0.18,3153.00,fuel,0,0.0
R00339,receipts_images/R00339.png,receipts_text/R00339.txt,Hotel Sunrise Residency,V005,07AACCH9012Q1Z8,TI-2024-35342,2025-02-15,13331.69,799.90,799.90,0.00,0.00,-0.49,14931.00,b2b,2,-0.96
R00340,receipts_images/R00340.png,receipts_text/R00340.txt,Gujarat Enterprises,V011,24AABCG2244U1ZA,TI-2025-23643,2025-06-06,6694.16,602.48,602.47,0.00,0.00,-0.11,7899.00,b2b,2,1.29
R00341,receipts_images/R00341.png,receipts_text/R00341.txt,Shell Select Fuel Point,V017,29AAACS9911A1ZI,BILL-2024-98118,2025-07-15,3043.08,0.00,0.00,0.00,0.00,-0.08,3043.00,fuel,1,-1.35
R00342,receipts_images/R00342.png,receipts_text/R00342.txt,Patel Stores,V012,24AAHCP6677V1Z8,INV-2025-23010,2025-03-24,1301.36,32.54,32.53,0.00,0.00,-0.43,1366.00,retail,2,1.7
R00343,receipts_images/R00343.png,receipts_text/R00343.txt,Bharat Petroleum Outlet,V003,27AAACB1111P1ZW,BILL-2024-50028,2025-07-01,753.62,0.00,0.00,0.00,0.00,0.38,754.00,fuel,2,0.26
R00344,receipts_images/R00344.png,receipts_text/R00344.txt,Hotel Sunrise Residency,V005,07AACCH9012Q1Z8,RCPT-2025-61753,2025-04-13,10975.84,658.55,658.55,0.00,0.00,0.06,12293.00,b2b,0,0.0
R00345,receipts_images/R00345.png,receipts_text/R00345.txt,Gujarat Enterprises,V011,24AABCG2244U1ZA,INV-2024-69647,2025-08-17,9089.18,818.03,818.02,0.00,0.00,-0.23,10725.00,b2b,1,1.21
R00346,receipts_images/R00346.png,receipts_text/R00346.txt,Bharat Petroleum Outlet,V003,27AAACB1111P1ZW,RCPT-2024-00382,2025-01-30,3036.86,0.00,0.00,0.00,0.00,0.14,3037.00,fuel,0,0.0
R00347,receipts_images/R00347.png,receipts_text/R00347.txt,Patel Stores,V012,24AAHCP6677V1Z8,RCPT-2025-51555,2025-04-08,359.70,9.00,8.99,0.00,0.00,0.31,378.00,retail,3,-0.18
R00348,receipts_images/R00348.png,receipts_text/R00348.txt,Sharma Traders Pvt Ltd,V001,29AAGCB7383J1Z4,RCPT-2024-37894,2025-04-04,3349.01,301.41,301.41,0.00,0.00,0.17,3952.00,b2b,1,0.05
R00349,receipts_images/R00349.png,receipts_text/R00349.txt,Hyderabad Biryani House,V009,36AADCH4567S1ZS,TI-2024-45713,2025-08-27,1001.82,25.05,25.04,0.00,0.00,0.09,1052.00,restaurant,0,0.0
R00350,receipts_images/R00350.png,receipts_text/R00350.txt,Saravana Bhavan,V007,33AAECS7788N1ZJ,RCPT-2024-59589,2025-03-21,991.93,24.80,24.80,0.00,0.00,0.47,1042.00,restaurant,3,1.67
R00351,receipts_images/R00351.png,receipts_text/R00351.txt,Park Street Cafe,V014,19AAFCP7890X1ZW,RCPT-2025-04145,2025-04-01,921.66,23.04,23.04,0.00,0.00,0.26,968.00,restaurant,2,1.6
R00352,receipts_images/R00352.png,receipts_text/R00352.txt,Hyderabad Biryani House,V009,36AADCH4567S1ZS,RCPT-2024-72667,2025-04-07,2561.91,64.05,64.05,0.00,0.00,-0.01,2690.00,restaurant,0,0.0
R00353,receipts_images/R00353.png,receipts_text/R00353.txt,Ganga Departmental Store,V016,09AABCG5566Z1ZD,TI-2025-73353,2025-02-12,1263.39,0.00,0.00,63.17,0.00,0.44,1327.00,retail,0,0.0
R00354,receipts_images/R00354.png,receipts_text/R00354.txt,Park Street Cafe,V014,19AAFCP7890X1ZW,BILL-2024-25952,2025-02-10,667.44,16.69,16.68,0.00,0.00,0.19,701.00,restaurant,1,1.43
R00355,receipts_images/R00355.png,receipts_text/R00355.txt,Reliance Fresh Supermarket,V004,27AAACR5055K1Z7,BILL-2025-77128,2025-04-13,3275.07,81.88,81.87,0.00,0.00,0.18,3439.00,retail,1,-0.6
R00356,receipts_images/R00356.png,receipts_text/R00356.txt,Hyderabad Biryani House,V009,36AADCH4567S1ZS,TI-2025-40174,2025-02-12,926.68,23.17,23.16,0.00,0.00,-0.01,973.00,restaurant,1,-1.21
R00357,receipts_images/R00357.png,receipts_text/R00357.txt,Apollo Pharmacy Outlet,V020,33AAACA6677D1ZW,TI-2025-23206,2025-07-04,222.88,13.38,13.37,0.00,0.00,0.37,250.00,retail,3,-1.44
R00358,receipts_images/R00358.png,receipts_text/R00358.txt,Cafe Coffee Junction,V018,29AAECC2233B1Z7,TI-2024-50401,2025-07-08,742.93,18.58,18.57,0.00,0.00,-0.08,780.00,restaurant,1,0.27
R00359,receipts_images/R00359.png,receipts_text/R00359.txt,Deccan Office Supplies,V010,36AAGCD8899T1Z8,TI-2025-69609,2025-06-16,3071.51,276.44,276.43,0.00,0.00,-0.38,3624.00,b2b,0,0.0
R00360,receipts_images/R00360.png,receipts_text/R00360.txt,Gujarat Enterprises,V011,24AABCG2244U1ZA,BILL-2024-92969,2025-05-10,3931.46,353.83,353.83,0.00,0.00,-0.12,4639.00,b2b,0,0.0
R00361,receipts_images/R00361.png,receipts_text/R00361.txt,Ganga Departmental Store,V016,09AABCG5566Z1ZD,INV-2024-41747,2025-03-20,3375.27,0.00,0.00,168.76,0.00,-0.03,3544.00,retail,1,0.73
R00362,receipts_images/R00362.png,receipts_text/R00362.txt,Deccan Office Supplies,V010,36AAGCD8899T1Z8,RCPT-2024-39104,2025-05-26,1126.04,0.00,0.00,202.69,0.00,0.27,1329.00,b2b,1,0.91
R00363,receipts_images/R00363.png,receipts_text/R00363.txt,Park Street Cafe,V014,19AAFCP7890X1ZW,INV-2025-82411,2025-02-24,668.90,0.00,0.00,33.45,0.00,-0.35,702.00,restaurant,0,0.0
R00364,receipts_images/R00364.png,receipts_text/R00364.txt,Shell Select Fuel Point,V017,29AAACS9911A1ZI,RCPT-2025-81101,2025-06-02,5003.52,0.00,0.00,0.00,0.00,0.48,5004.00,fuel,1,-1.09
R00365,receipts_images/R00365.png,receipts_text/R00365.txt,Shell Select Fuel Point,V017,29AAACS9911A1ZI,INV-2024-43505,2025-04-04,832.04,0.00,0.00,0.00,0.00,-0.04,832.00,fuel,0,0.0
R00366,receipts_images/R00366.png,receipts_text/R00366.txt,Annapurna Restaurant,V002,29AABCA1234M1ZQ,INV-2024-26219,2025-01-22,1560.23,39.01,39.00,0.00,0.00,-0.24,1638.00,restaurant,0,0.0
R00367,receipts_images/R00367.png,receipts_text/R00367.txt,Ganga Departmental Store,V016,09AABCG5566Z1ZD,BILL-2024-64785,2025-05-09,3989.32,99.74,99.73,0.00,0.00,0.21,4189.00,retail,0,0.0
R00368,receipts_images/R00368.png,receipts_text/R00368.txt,Cafe Coffee Junction,V018,29AAECC2233B1Z7,TI-2024-26009,2025-02-18,1225.76,0.00,0.00,61.29,0.00,-0.05,1287.00,restaurant,0,0.0
R00369,receipts_images/R00369.png,receipts_text/R00369.txt,Hotel Sunrise Residency,V005,07AACCH9012Q1Z8,INV-2025-81737,2025-09-01,18758.16,1125.49,1125.49,0.00,0.00,-0.14,21009.00,b2b,0,0.0
R00370,receipts_images/R00370.png,receipts_text/R00370.txt,Apollo Pharmacy Outlet,V020,33AAACA6677D1ZW,BILL-2025-70646,2025-03-12,2398.09,143.89,143.88,0.00,0.00,0.14,2686.00,retail,3,-0.44
R00371,receipts_images/R00371.png,receipts_text/R00371.txt,Hotel Sunrise Residency,V005,07AACCH9012Q1Z8,BILL-2024-78499,2025-07-20,12395.39,743.73,743.72,0.00,0.00,0.16,13883.00,b2b,2,-1.42
R00372,receipts_images/R00372.png,receipts_text/R00372.txt,Hotel Sunrise Residency,V005,07AACCH9012Q1Z8,TI-2024-34179,2025-05-25,21547.26,1292.84,1292.83,0.00,0.00,0.07,24133.00,b2b,1,1.23
R00373,receipts_images/R00373.png,receipts_text/R00373.txt,Park Street Cafe,V014,19AAFCP7890X1ZW,RCPT-2024-34166,2025-05-24,2268.49,56.71,56.71,0.00,0.00,0.09,2382.00,restaurant,0,0.0
R00374,receipts_images/R00374.png,receipts_text/R00374.txt,Park Street Cafe,V014,19AAFCP7890X1ZW,TI-2025-77959,2025-02-21,1275.92,31.90,31.90,0.00,0.00,0.28,1340.00,restaurant,1,0.99
R00375,receipts_images/R00375.png,receipts_text/R00375.txt,Mumbai Print Solutions LLP,V019,27AAFCM4455C1ZM,TI-2024-30478,2025-08-19,9717.59,874.59,874.58,0.00,0.00,0.24,11467.00,b2b,1,-0.04
R00376,receipts_images/R00376.png,receipts_text/R00376.txt,Park Street Cafe,V014,19AAFCP7890X1ZW,INV-2025-17651,2025-01-13,500.15,12.51,12.50,0.00,0.00,-0.16,525.00,restaurant,0,0.0
R00377,receipts_images/R00377.png,receipts_text/R00377.txt,Lucknow Travels Agencies,V015,09AAGCL1122Y1ZT,TI-2025-82172,2025-03-08,24399.04,609.98,609.97,0.00,0.00,0.01,25619.00,b2b,1,-0.64
R00378,receipts_images/R00378.png,receipts_text/R00378.txt,Sharma Traders Pvt Ltd,V001,29AAGCB7383J1Z4,RCPT-2024-84027,2025-05-08,3042.88,273.86,273.86,0.00,0.00,0.40,3591.00,b2b,0,0.0
R00379,receipts_images/R00379.png,receipts_text/R00379.txt,Mumbai Print Solutions LLP,V019,27AAFCM4455C1ZM,BILL-2024-91317,2025-03-10,19488.75,1753.99,1753.99,0.00,0.00,0.27,22997.00,b2b,2,-0.24
R00380,receipts_images/R00380.png,receipts_text/R00380.txt,Ganga Departmental Store,V016,09AABCG5566Z1ZD,TI-2024-35790,2025-04-29,492.49,12.31,12.31,0.00,0.00,-0.11,517.00,retail,1,-1.41
R00381,receipts_images/R00381.png,receipts_text/R00381.txt,Gujarat Enterprises,V011,24AABCG2244U1ZA,INV-2024-04286,2025-04-28,3541.48,0.00,0.00,637.47,0.00,0.05,4179.00,b2b,2,1.12
R00382,receipts_images/R00382.png,receipts_text/R00382.txt,Ganga Departmental Store,V016,09AABCG5566Z1ZD,RCPT-2024-71207,2025-06-17,5400.02,135.00,135.00,0.00,0.00,-0.02,5670.00,retail,2,-1.27
R00383,receipts_images/R00383.png,receipts_text/R00383.txt,Apollo Pharmacy Outlet,V020,33AAACA6677D1ZW,INV-2025-38040,2025-03-30,2514.68,150.88,150.88,0.00,0.00,-0.44,2816.00,retail,1,-0.17
R00384,receipts_images/R00384.png,receipts_text/R00384.txt,Mumbai Print Solutions LLP,V019,27AAFCM4455C1ZM,INV-2025-98951,2025-08-08,7044.47,634.00,634.00,0.00,0.00,-0.47,8312.00,b2b,1,1.29
R00385,receipts_images/R00385.png,receipts_text/R00385.txt,Ganga Departmental Store,V016,09AABCG5566Z1ZD,TI-2025-75339,2025-05-01,4068.51,101.72,101.71,0.00,0.00,0.06,4272.00,retail,0,0.0
R00386,receipts_images/R00386.png,receipts_text/R00386.txt,Lucknow Travels Agencies,V015,09AAGCL1122Y1ZT,RCPT-2024-83689,2025-05-17,2146.82,53.67,53.67,0.00,0.00,-0.16,2254.00,b2b,3,-1.22
R00387,receipts_images/R00387.png,receipts_text/R00387.txt,Annapurna Restaurant,V002,29AABCA1234M1ZQ,BILL-2024-44498,2025-08-28,2170.27,54.26,54.25,0.00,0.00,0.22,2279.00,restaurant,2,1.46
R00388,receipts_images/R00388.png,receipts_text/R00388.txt,Reliance Fresh Supermarket,V004,27AAACR5055K1Z7,RCPT-2024-43566,2025-08-31,4185.38,104.64,104.63,0.00,0.00,0.35,4395.00,retail,2,1.09
R00389,receipts_images/R00389.png,receipts_text/R00389.txt,Hyderabad Biryani House,V009,36AADCH4567S1ZS,TI-2025-45102,2025-08-01,1864.37,0.00,0.00,93.22,0.00,0.41,1958.00,restaurant,3,0.03
R00390,receipts_images/R00390.png,receipts_text/R00390.txt,Hotel Sunrise Residency,V005,07AACCH9012Q1Z8,INV-2024-14890,2025-07-12,21175.47,1270.53,1270.53,0.00,0.00,0.47,23717.00,b2b,0,0.0
R00391,receipts_images/R00391.png,receipts_text/R00391.txt,Ganga Departmental Store,V016,09AABCG5566Z1ZD,INV-2025-97572,2025-03-27,1897.88,47.45,47.44,0.00,0.00,0.23,1993.00,retail,2,-0.2
R00392,receipts_images/R00392.png,receipts_text/R00392.txt,Hyderabad Biryani House,V009,36AADCH4567S1ZS,RCPT-2025-52430,2025-02-17,2445.28,61.13,61.13,0.00,0.00,0.46,2568.00,restaurant,0,0.0
R00393,receipts_images/R00393.png,receipts_text/R00393.txt,Park Street Cafe,V014,19AAFCP7890X1ZW,INV-2025-18021,2025-07-18,2489.76,62.25,62.24,0.00,0.00,-0.25,2614.00,restaurant,0,0.0
R00394,receipts_images/R00394.png,receipts_text/R00394.txt,Gujarat Enterprises,V011,24AABCG2244U1ZA,BILL-2024-14092,2025-01-29,3721.02,334.89,334.89,0.00,0.00,0.20,4391.00,b2b,2,0.25
R00395,receipts_images/R00395.png,receipts_text/R00395.txt,Bengal Book Depot,V013,19AACCB3456W1ZT,BILL-2025-01583,2025-07-22,3398.48,305.87,305.86,0.00,0.00,-0.21,4010.00,retail,3,-1.99
R00396,receipts_images/R00396.png,receipts_text/R00396.txt,Cafe Coffee Junction,V018,29AAECC2233B1Z7,TI-2025-52826,2025-06-19,1298.77,32.47,32.47,0.00,0.00,0.29,1364.00,restaurant,2,0.25
R00397,receipts_images/R00397.png,receipts_text/R00397.txt,Lucknow Travels Agencies,V015,09AAGCL1122Y1ZT,BILL-2025-19425,2025-04-20,9773.09,244.33,244.32,0.00,0.00,0.26,10262.00,b2b,0,0.0
R00398,receipts_images/R00398.png,receipts_text/R00398.txt,Patel Stores,V012,24AAHCP6677V1Z8,TI-2024-99853,2025-07-18,1056.30,26.41,26.41,0.00,0.00,-0.12,1109.00,retail,0,0.0
R00399,receipts_images/R00399.png,receipts_text/R00399.txt,Patel Stores,V012,24AAHCP6677V1Z8,BILL-2025-67504,2025-02-15,3677.88,91.95,91.94,0.00,0.00,0.23,3862.00,retail,1,0.06
R00400,receipts_images/R00400.png,receipts_text/R00400.txt,Hotel Sunrise Residency,V005,07AACCH9012Q1Z8,TI-2025-23940,2025-02-14,17555.53,1053.33,1053.33,0.00,0.00,-0.19,19662.00,b2b,1,-1.33
R00401,receipts_images/R00401.png,receipts_text/R00401.txt,Gujarat Enterprises,V011,24AABCG2244U1ZA,INV-2024-28042,2025-02-02,6485.25,583.68,583.67,0.00,0.00,0.40,7653.00,b2b,0,0.0
R00402,receipts_images/R00402.png,receipts_text/R00402.txt,Ganga Departmental Store,V016,09AABCG5566Z1ZD,TI-2024-10630,2025-07-11,4310.52,107.77,107.76,0.00,0.00,-0.05,4526.00,retail,0,0.0
R00403,receipts_images/R00403.png,receipts_text/R00403.txt,Deccan Office Supplies,V010,36AAGCD8899T1Z8,RCPT-2025-24175,2025-07-25,3742.50,336.83,336.82,0.00,0.00,-0.15,4416.00,b2b,0,0.0
R00404,receipts_images/R00404.png,receipts_text/R00404.txt,Gujarat Enterprises,V011,24AABCG2244U1ZA,BILL-2025-05165,2025-05-02,10730.49,0.00,0.00,1931.49,0.00,0.02,12662.00,b2b,0,0.0
R00405,receipts_images/R00405.png,receipts_text/R00405.txt,Lucknow Travels Agencies,V015,09AAGCL1122Y1ZT,BILL-2025-08175,2025-04-24,12735.35,318.39,318.38,0.00,0.00,-0.12,13372.00,b2b,2,1.37
R00406,receipts_images/R00406.png,receipts_text/R00406.txt,Patel Stores,V012,24AAHCP6677V1Z8,BILL-2024-59591,2025-05-03,3067.66,76.69,76.69,0.00,0.00,-0.04,3221.00,retail,2,0.88
R00407,receipts_images/R00407.png,receipts_text/R00407.txt,Park Street Cafe,V014,19AAFCP7890X1ZW,INV-2025-58883,2025-03-12,3014.50,75.37,75.36,0.00,0.00,-0.23,3165.00,restaurant,0,0.0
R00408,receipts_images/R00408.png,receipts_text/R00408.txt,Bharat Petroleum Outlet,V003,27AAACB1111P1ZW,TI-2025-85287,2025-05-19,3683.63,0.00,0.00,0.00,0.00,0.37,3684.00,fuel,2,0.17
R00409,receipts_images/R00409.png,receipts_text/R00409.txt,Hotel Sunrise Residency,V005,07AACCH9012Q1Z8,RCPT-2024-17287,2025-01-25,12764.78,765.89,765.88,0.00,0.00,0.45,14297.00,b2b,0,0.0
R00410,receipts_images/R00410.png,receipts_text/R00410.txt,Apollo Pharmacy Outlet,V020,33AAACA6677D1ZW,BILL-2025-96541,2025-06-16,2590.06,155.41,155.40,0.00,0.00,0.13,2901.00,retail,0,0.0
R00411,receipts_images/R00411.png,receipts_text/R00411.txt,Bengal Book Depot,V013,19AACCB3456W1ZT,INV-2024-82891,2025-01-15,1636.33,147.27,147.27,0.00,0.00,0.13,1931.00,retail,0,0.0
R00412,receipts_images/R00412.png,receipts_text/R00412.txt,Apollo Pharmacy Outlet,V020,33AAACA6677D1ZW,BILL-2025-92644,2025-06-08,2579.26,0.00,0.00,309.51,0.00,0.23,2889.00,retail,2,-0.63
R00413,receipts_images/R00413.png,receipts_text/R00413.txt,Reliance Fresh Supermarket,V004,27AAACR5055K1Z7,INV-2024-50221,2025-02-22,3740.95,93.53,93.52,0.00,0.00,0.00,3928.00,retail,1,-0.36
R00414,receipts_images/R00414.png,receipts_text/R00414.txt,Mumbai Print Solutions LLP,V019,27AAFCM4455C1ZM,TI-2025-58148,2025-07-21,15321.15,1378.91,1378.90,0.00,0.00,0.04,18079.00,b2b,0,0.0
R00415,receipts_images/R00415.png,receipts_text/R00415.txt,Annapurna Restaurant,V002,29AABCA1234M1ZQ,BILL-2025-74223,2025-07-09,1533.39,38.34,38.33,0.00,0.00,-0.06,1610.00,restaurant,1,1.2
R00416,receipts_images/R00416.png,receipts_text/R00416.txt,Shell Select Fuel Point,V017,29AAACS9911A1ZI,RCPT-2025-15913,2025-03-21,6538.93,0.00,0.00,0.00,0.00,0.07,6539.00,fuel,0,0.0
R00417,receipts_images/R00417.png,receipts_text/R00417.txt,Indian Oil Fuel Station,V008,33AAACI0123R1ZQ,RCPT-2024-79001,2025-01-24,565.80,0.00,0.00,0.00,0.00,0.20,566.00,fuel,0,0.0
R00418,receipts_images/R00418.png,receipts_text/R00418.txt,Saravana Bhavan,V007,33AAECS7788N1ZJ,BILL-2024-09236,2025-07-15,2118.90,52.98,52.97,0.00,0.00,0.15,2225.00,restaurant,0,0.0
R00419,receipts_images/R00419.png,receipts_text/R00419.txt,Indian Oil Fuel Station,V008,33AAACI0123R1ZQ,TI-2024-28217,2025-08-09,2618.99,0.00,0.00,0.00,0.00,0.01,2619.00,fuel,2,1.43
R00420,receipts_images/R00420.png,receipts_text/R00420.txt,Shell Select Fuel Point,V017,29AAACS9911A1ZI,BILL-2024-06925,2025-06-21,2186.34,0.00,0.00,0.00,0.00,-0.34,2186.00,fuel,2,0.24
R00421,receipts_images/R00421.png,receipts_text/R00421.txt,Apollo Pharmacy Outlet,V020,33AAACA6677D1ZW,TI-2024-18508,2025-04-15,1802.63,108.16,108.16,0.00,0.00,0.05,2019.00,retail,2,-0.39
R00422,receipts_images/R00422.png,receipts_text/R00422.txt,Park Street Cafe,V014,19AAFCP7890X1ZW,TI-2025-12295,2025-07-31,1801.56,45.04,45.04,0.00,0.00,0.36,1892.00,restaurant,2,0.13
R00423,receipts_images/R00423.png,receipts_text/R00423.txt,Shell Select Fuel Point,V017,29AAACS9911A1ZI,BILL-2025-77678,2025-04-01,4026.15,0.00,0.00,0.00,0.00,-0.15,4026.00,fuel,2,0.81
R00424,receipts_images/R00424.png,receipts_text/R00424.txt,Bharat Petroleum Outlet,V003,27AAACB1111P1ZW,RCPT-2024-95686,2025-09-01,6676.28,0.00,0.00,0.00,0.00,-0.28,6676.00,fuel,2,0.47
R00425,receipts_images/R00425.png,receipts_text/R00425.txt,Annapurna Restaurant,V002,29AABCA1234M1ZQ,INV-2024-42303,2025-02-27,2402.57,60.07,60.06,0.00,0.00,0.30,2523.00,restaurant,0,0.0
R60427,receipts_images/R60427.png,receipts_text/R60427.txt,Hotel Sunrise Residency,V005,07AACCH9012Q1Z8,RCPT-2024-17287,2025-01-25,12764.78,765.89,765.88,0.00,0.00,0.45,14297.00,b2b,1,0.19
R60428,receipts_images/R60428.png,receipts_text/R60428.txt,Hyderabad Biryani House,V009,36AADCH4567S1ZS,BILL-2025-44472,2025-03-02,192.36,4.81,4.81,0.00,0.00,0.02,202.00,restaurant,1,-0.75
R60440,receipts_images/R60440.png,receipts_text/R60440.txt,Shell Select Fuel Point,V017,29AAACS9911A1ZI,BILL-2024-06925,2025-06-21,2186.34,0.00,0.00,0.00,0.00,-0.34,2186.00,fuel,2,-1.26
R60442,receipts_images/R60442.png,receipts_text/R60442.txt,Kumar Medicals,V006,07AAFCK3321L1ZK,TI-2024-31046,2025-01-10,1544.03,92.64,92.64,0.00,0.00,-0.31,1729.00,retail,1,-0.7
R60444,receipts_images/R60444.png,receipts_text/R60444.txt,Indian Oil Fuel Station,V008,33AAACI0123R1ZQ,INV-2024-16740,2025-08-15,4277.05,0.00,0.00,0.00,0.00,-0.05,4277.00,fuel,3,-2.43
R60445,receipts_images/R60445.png,receipts_text/R60445.txt,Park Street Cafe,V014,19AAFCP7890X1ZW,RCPT-2024-41715,2025-05-25,3402.97,85.08,85.07,0.00,0.00,-0.12,3573.00,restaurant,1,-0.87
R60446,receipts_images/R60446.png,receipts_text/R60446.txt,Saravana Bhavan,V007,33AAECS7788N1ZJ,BILL-2025-89470,2025-03-24,1494.91,0.00,0.00,74.75,0.00,0.34,1570.00,restaurant,2,0.73
R60448,receipts_images/R60448.png,receipts_text/R60448.txt,Shell Select Fuel Point,V017,29AAACS9911A1ZI,RCPT-2025-81101,2025-06-02,5003.52,0.00,0.00,0.00,0.00,0.48,5004.00,fuel,1,-1.15
R60452,receipts_images/R60452.png,receipts_text/R60452.txt,Hotel Sunrise Residency,V005,07AACCH9012Q1Z8,RCPT-2024-27404,2025-01-15,38413.25,2304.80,2304.79,0.00,0.00,0.16,43023.00,b2b,2,1.06
R60453,receipts_images/R60453.png,receipts_text/R60453.txt,Cafe Coffee Junction,V018,29AAECC2233B1Z7,TI-2024-63964,2025-07-16,2354.41,0.00,0.00,117.72,0.00,-0.13,2472.00,restaurant,1,0.29
R60454,receipts_images/R60454.png,receipts_text/R60454.txt,Park Street Cafe,V014,19AAFCP7890X1ZW,TI-2025-86142,2025-06-01,2368.15,0.00,0.00,118.41,0.00,0.44,2487.00,restaurant,2,-0.82
R60455,receipts_images/R60455.png,receipts_text/R60455.txt,Patel Stores,V012,24AAHCP6677V1Z8,BILL-2025-40739,2025-01-13,1196.52,29.92,29.91,0.00,0.00,-0.35,1256.00,retail,3,-0.53
R90456,receipts_images/R90456.png,receipts_text/R90456.txt,Deccan Offiec Supplies,V010,36AAGCD8899T1Z8,TI-2025-27219,2025-06-01,2861.30,257.52,257.51,0.00,0.00,-0.33,3376.00,b2b,0,0.0
R90457,receipts_images/R90457.png,receipts_text/R90457.txt,HOTEL SUNRISE RESIDENCY,V005,07AACCH9012Q1Z8,TI-2025-23940,2025-02-14,17555.53,1053.33,1053.33,0.00,0.00,0.81,19663.00,b2b,2,2.32
R90458,receipts_images/R90458.png,receipts_text/R90458.txt,Saravana Bhvaan,V007,33AAECS7788N1ZJ,RCPT-2024-42970,2025-01-26,523.91,13.10,13.10,0.00,0.00,0.89,551.00,restaurant,1,0.37
R90459,receipts_images/R90459.png,receipts_text/R90459.txt,Deccan Office,V010,36AAGCD8899T1Z8,TI-2024-54755,2025-07-06,4159.09,0.00,0.00,748.64,0.00,0.77,4908.50,b2b,0,0.0
R90460,receipts_images/R90460.png,receipts_text/R90460.txt,HOTEL SUNRISE RESIDENCY,V005,07AACCH9012Q1Z8,INV-2025-30589,2025-06-08,17429.50,1045.77,1045.77,0.00,0.00,-1.04,19520.00,b2b,0,0.0
R90461,receipts_images/R90461.png,receipts_text/R90461.txt,INDIAN OIL FUEL STATION,V008,33AAACI0123R1ZQ,RCPT-2024-14417,2025-07-10,5150.90,0.00,0.00,0.00,0.00,0.60,5151.50,fuel,0,0.0
R90462,receipts_images/R90462.png,receipts_text/R90462.txt,Sharma Traders Private Limited,V001,29AAGCB7383J1Z4,TI-2025-36922,2025-06-09,1352.63,121.74,121.73,0.00,0.00,-0.60,1595.50,b2b,0,0.0
R90463,receipts_images/R90463.png,receipts_text/R90463.txt,SHARMA TRADERS PVT LTD,V001,29AAGCB7383J1Z4,INV-2024-08224,2025-04-26,3443.65,0.00,0.00,619.86,0.00,-0.51,4063.00,b2b,0,0.0
R90464,receipts_images/R90464.png,receipts_text/R90464.txt,aPrk Street Cafe,V014,19AAFCP7890X1ZW,BILL-2024-17462,2025-04-17,1737.80,43.45,43.44,0.00,0.00,2.31,1827.00,restaurant,0,0.0
R90465,receipts_images/R90465.png,receipts_text/R90465.txt,LUCKNOW TRAVELS AGENCIES,V015,09AAGCL1122Y1ZT,TI-2025-73097,2025-02-23,17805.17,445.13,445.13,0.00,0.00,-2.43,18693.00,b2b,3,-1.59
R90466,receipts_images/R90466.png,receipts_text/R90466.txt,Saravana,V007,33AAECS7788N1ZJ,TI-2025-18978,2025-07-09,2958.36,73.96,73.96,0.00,0.00,1.72,3108.00,restaurant,0,0.0
R90467,receipts_images/R90467.png,receipts_text/R90467.txt,Gujarat,V011,24AABCG2244U1ZA,INV-2024-04286,2025-04-28,3541.48,0.00,0.00,637.47,0.00,-1.95,4177.00,b2b,3,-1.36
R90468,receipts_images/R90468.png,receipts_text/R90468.txt,Ganga Departmental,V016,09AABCG5566Z1ZD,INV-2025-97572,2025-03-27,1897.88,47.45,47.44,0.00,0.00,-1.77,1991.00,retail,1,1.27
R90469,receipts_images/R90469.png,receipts_text/R90469.txt,PATEL STORES,V012,24AAHCP6677V1Z8,INV-2025-50591,2025-02-15,5536.12,0.00,0.00,276.81,0.00,0.57,5813.50,retail,0,0.0
R90470,receipts_images/R90470.png,receipts_text/R90470.txt,Kumra Medicals,V006,07AAFCK3321L1ZK,BILL-2025-57794,2025-05-21,1623.06,97.39,97.38,0.00,0.00,2.17,1820.00,retail,0,0.0
R90471,receipts_images/R90471.png,receipts_text/R90471.txt,Shell Select Fuel Poitn,V017,29AAACS9911A1ZI,RCPT-2025-02572,2025-06-03,3732.69,0.00,0.00,0.00,0.00,2.31,3735.00,fuel,3,-0.9
R90472,receipts_images/R90472.png,receipts_text/R90472.txt,Cafe oCffee Junction,V018,29AAECC2233B1Z7,TI-2024-63964,2025-07-16,2354.41,0.00,0.00,117.72,0.00,0.37,2472.50,restaurant,0,0.0
R90473,receipts_images/R90473.png,receipts_text/R90473.txt,Park Street,V014,19AAFCP7890X1ZW,RCPT-2024-34166,2025-05-24,2268.49,56.71,56.71,0.00,0.00,-0.91,2381.00,restaurant,1,-0.83
R90474,receipts_images/R90474.png,receipts_text/R90474.txt,Hyderabad Biryani,V009,36AADCH4567S1ZS,RCPT-2024-42553,2025-04-13,3540.13,88.51,88.50,0.00,0.00,-0.64,3716.50,restaurant,1,0.55
R90475,receipts_images/R90475.png,receipts_text/R90475.txt,Ganga Departmental,V016,09AABCG5566Z1ZD,TI-2025-73353,2025-02-12,1263.39,0.00,0.00,63.17,0.00,-1.56,1325.00,retail,0,0.0
R70476,receipts_images/R70476.png,receipts_text/R70476.txt,Reliance Fresh Supermarket,V004,27AAACR5055K1Z7,BILL-2025-60942-1,2025-05-29,1615.53,40.39,40.39,0.00,0.00,0.00,1696.31,retail,0,0.0
R70477,receipts_images/R70477.png,receipts_text/R70477.txt,Reliance Fresh Supermarket,V004,27AAACR5055K1Z7,BILL-2025-60942-2,2025-05-29,2711.56,67.79,67.78,0.00,0.00,0.00,2847.13,retail,0,0.0
R70478,receipts_images/R70478.png,receipts_text/R70478.txt,Cafe Coffee Junction,V018,29AAECC2233B1Z7,BILL-2025-54099-1,2025-01-19,1315.46,32.89,32.89,0.00,0.00,0.00,1381.24,restaurant,3,2.74
R70479,receipts_images/R70479.png,receipts_text/R70479.txt,Cafe Coffee Junction,V018,29AAECC2233B1Z7,BILL-2025-54099-2,2025-01-19,1727.74,43.19,43.19,0.00,0.00,0.00,1814.12,restaurant,0,0.0
R70480,receipts_images/R70480.png,receipts_text/R70480.txt,Deccan Office Supplies,V010,36AAGCD8899T1Z8,TI-2024-43601-1,2025-05-11,2252.96,202.77,202.76,0.00,0.00,0.00,2658.49,b2b,1,-1.38
R70481,receipts_images/R70481.png,receipts_text/R70481.txt,Deccan Office Supplies,V010,36AAGCD8899T1Z8,TI-2024-43601-2,2025-05-11,1680.54,151.25,151.25,0.00,0.00,0.00,1983.04,b2b,0,0.0
R70482,receipts_images/R70482.png,receipts_text/R70482.txt,Patel Stores,V012,24AAHCP6677V1Z8,BILL-2024-78710-1,2025-06-24,2850.04,71.25,71.25,0.00,0.00,0.00,2992.54,retail,0,0.0
R70483,receipts_images/R70483.png,receipts_text/R70483.txt,Patel Stores,V012,24AAHCP6677V1Z8,BILL-2024-78710-2,2025-06-24,2031.95,50.80,50.80,0.00,0.00,0.00,2133.55,retail,0,0.0
R70484,receipts_images/R70484.png,receipts_text/R70484.txt,Annapurna Restaurant,V002,29AABCA1234M1ZQ,TI-2025-68280-1,2025-06-22,250.62,6.27,6.27,0.00,0.00,0.00,263.16,restaurant,2,-1.79
R70485,receipts_images/R70485.png,receipts_text/R70485.txt,Annapurna Restaurant,V002,29AABCA1234M1ZQ,TI-2025-68280-2,2025-06-22,1537.89,38.45,38.44,0.00,0.00,0.00,1614.78,restaurant,1,1.44
R70486,receipts_images/R70486.png,receipts_text/R70486.txt,Lucknow Travels Agencies,V015,09AAGCL1122Y1ZT,BILL-2025-42772-1,2025-01-19,19493.36,487.34,487.33,0.00,0.00,0.00,20468.03,b2b,0,0.0
R70487,receipts_images/R70487.png,receipts_text/R70487.txt,Lucknow Travels Agencies,V015,09AAGCL1122Y1ZT,BILL-2025-42772-2,2025-01-19,10456.03,261.40,261.40,0.00,0.00,0.00,10978.83,b2b,0,0.0
R70488,receipts_images/R70488.png,receipts_text/R70488.txt,Saravana Bhavan,V007,33AAECS7788N1ZJ,RCPT-2024-42970-1,2025-01-26,208.08,5.20,5.20,0.00,0.00,0.00,218.48,restaurant,0,0.0
R70489,receipts_images/R70489.png,receipts_text/R70489.txt,Saravana Bhavan,V007,33AAECS7788N1ZJ,RCPT-2024-42970-2,2025-01-26,315.83,7.90,7.90,0.00,0.00,0.00,331.63,restaurant,1,1.24
R70490,receipts_images/R70490.png,receipts_text/R70490.txt,Cafe Coffee Junction,V018,29AAECC2233B1Z7,BILL-2024-40903-1,2025-01-20,1301.56,32.54,32.53,0.00,0.00,0.00,1366.63,restaurant,1,-0.82
R70491,receipts_images/R70491.png,receipts_text/R70491.txt,Cafe Coffee Junction,V018,29AAECC2233B1Z7,BILL-2024-40903-2,2025-01-20,295.47,7.39,7.39,0.00,0.00,0.00,310.25,restaurant,1,-0.8
R70492,receipts_images/R70492.png,receipts_text/R70492.txt,Gujarat Enterprises,V011,24AABCG2244U1ZA,BILL-2025-25816-1,2025-03-13,2800.47,252.04,252.04,0.00,0.00,0.00,3304.55,b2b,0,0.0
R70493,receipts_images/R70493.png,receipts_text/R70493.txt,Gujarat Enterprises,V011,24AABCG2244U1ZA,BILL-2025-25816-2,2025-03-13,3985.82,358.73,358.72,0.00,0.00,0.00,4703.27,b2b,2,-1.04
R80504,receipts_images/R80504.png,receipts_text/R80504.txt,Cafe Coffee Junction,V018,29AAECC2233B1Z7,BILL-2025-75987,2025-01-19,613.39,15.34,15.33,0.00,0.00,-0.06,644.00,restaurant,0,0.0
R80505,receipts_images/R80505.png,receipts_text/R80505.txt,Annapurna Restaurant,V002,29AABCA1234M1ZQ,BILL-2024-01840,2025-08-31,3397.10,84.93,84.93,0.00,0.00,0.04,3567.00,restaurant,1,1.28
R80506,receipts_images/R80506.png,receipts_text/R80506.txt,Apollo Pharmacy Outlet,V020,33AAACA6677D1ZW,INV-2024-68694,2025-03-29,2536.91,152.22,152.21,0.00,0.00,-0.34,2841.00,retail,1,1.44
R80507,receipts_images/R80507.png,receipts_text/R80507.txt,Hotel Sunrise Residency,V005,07AACCH9012Q1Z8,INV-2024-74769,2025-08-01,22118.64,1327.12,1327.12,0.00,0.00,0.12,24773.00,b2b,1,-1.42
R80508,receipts_images/R80508.png,receipts_text/R80508.txt,Bengal Book Depot,V013,19AACCB3456W1ZT,TI-2025-49681,2025-01-15,1732.87,0.00,0.00,311.92,0.00,0.21,2045.00,retail,0,0.0
